transaction_id,customer_id,transaction_amount,transaction_date,transaction_location,is_fraud
T00001,C0001,380.79,2023-01-01,Tokyo,0
T00002,C0002,951.21,2023-01-02,New York,0
T00003,C0003,734.67,2023-01-03,San Francisco,0
T00004,C0004,602.67,2023-01-04,San Francisco,0
T00005,C0005,164.46,2023-01-05,Tokyo,0
T00006,C0006,164.43,2023-01-06,Tokyo,0
T00007,C0007,67.5,2023-01-07,Sydney,0
T00008,C0008,867.51,2023-01-08,New York,0
T00009,C0009,605.1,2023-01-09,London,0
T00010,C0010,710.99,2023-01-10,New York,0
T00011,C0011,30.38,2023-01-11,San Francisco,0
T00012,C0012,970.21,2023-01-12,London,1
T00013,C0013,834.12,2023-01-13,New York,0
T00014,C0014,220.22,2023-01-14,New York,0
T00015,C0015,190.01,2023-01-15,Tokyo,0
T00016,C0016,191.57,2023-01-16,London,0
T00017,C0017,311.2,2023-01-17,San Francisco,0
T00018,C0018,529.51,2023-01-18,London,0
T00019,C0019,437.63,2023-01-19,Sydney,0
T00020,C0020,298.32,2023-01-20,New York,0
T00021,C0021,615.73,2023-01-21,Sydney,0
T00022,C0022,148.1,2023-01-22,Tokyo,0
T00023,C0023,299.22,2023-01-23,San Francisco,0
T00024,C0024,372.7,2023-01-24,New York,1
T00025,C0025,461.51,2023-01-25,Sydney,0
T00026,C0026,787.32,2023-01-26,San Francisco,0
T00027,C0027,207.68,2023-01-27,New York,0
T00028,C0028,519.09,2023-01-28,New York,0
T00029,C0029,596.49,2023-01-29,Sydney,0
T00030,C0030,55.99,2023-01-30,Tokyo,0
T00031,C0031,611.47,2023-01-31,Sydney,0
T00032,C0032,178.82,2023-02-01,Tokyo,0
T00033,C0033,74.4,2023-02-02,London,0
T00034,C0034,949.4,2023-02-03,Sydney,0
T00035,C0035,965.98,2023-02-04,San Francisco,0
T00036,C0036,810.31,2023-02-05,London,0
T00037,C0037,311.57,2023-02-06,Sydney,0
T00038,C0038,106.7,2023-02-07,Tokyo,0
T00039,C0039,687.39,2023-02-08,Sydney,0
T00040,C0040,445.75,2023-02-09,London,0
T00041,C0041,130.82,2023-02-10,Tokyo,0
T00042,C0042,500.23,2023-02-11,New York,0
T00043,C0043,44.04,2023-02-12,San Francisco,0
T00044,C0044,910.23,2023-02-13,San Francisco,0
T00045,C0045,266.19,2023-02-14,New York,0
T00046,C0046,665.9,2023-02-15,San Francisco,0
T00047,C0047,318.59,2023-02-16,New York,0
T00048,C0048,524.87,2023-02-17,San Francisco,0
T00049,C0049,551.24,2023-02-18,Tokyo,0
T00050,C0050,193.01,2023-02-19,San Francisco,0
T00051,C0051,969.89,2023-02-20,San Francisco,0
T00052,C0052,777.38,2023-02-21,San Francisco,0
T00053,C0053,940.1,2023-02-22,San Francisco,0
T00054,C0054,895.88,2023-02-23,Sydney,0
T00055,C0055,601.92,2023-02-24,Tokyo,1
T00056,C0056,922.66,2023-02-25,Tokyo,0
T00057,C0057,97.61,2023-02-26,New York,0
T00058,C0058,204.02,2023-02-27,Tokyo,0
T00059,C0059,54.78,2023-02-28,New York,0
T00060,C0060,332.08,2023-03-01,San Francisco,0
T00061,C0061,394.79,2023-03-02,Sydney,0
T00062,C0062,278.64,2023-03-03,Tokyo,1
T00063,C0063,830.45,2023-03-04,London,0
T00064,C0064,363.19,2023-03-05,Tokyo,0
T00065,C0065,288.13,2023-03-06,Sydney,0
T00066,C0066,547.27,2023-03-07,Tokyo,0
T00067,C0067,149.51,2023-03-08,San Francisco,0
T00068,C0068,804.18,2023-03-09,New York,0
T00069,C0069,83.81,2023-03-10,San Francisco,0
T00070,C0070,987.02,2023-03-11,San Francisco,0
T00071,C0071,774.52,2023-03-12,San Francisco,0
T00072,C0072,206.73,2023-03-13,Sydney,0
T00073,C0073,15.47,2023-03-14,Sydney,0
T00074,C0074,817.31,2023-03-15,San Francisco,0
T00075,C0075,709.79,2023-03-16,Tokyo,1
T00076,C0076,731.72,2023-03-17,San Francisco,0
T00077,C0077,773.56,2023-03-18,Sydney,0
T00078,C0078,83.3,2023-03-19,London,0
T00079,C0079,364.88,2023-03-20,San Francisco,0
T00080,C0080,124.71,2023-03-21,San Francisco,0
T00081,C0081,864.47,2023-03-22,London,0
T00082,C0082,627.07,2023-03-23,San Francisco,0
T00083,C0083,337.59,2023-03-24,London,0
T00084,C0084,72.92,2023-03-25,Sydney,0
T00085,C0085,317.87,2023-03-26,San Francisco,0
T00086,C0086,331.93,2023-03-27,San Francisco,0
T00087,C0087,732.31,2023-03-28,Sydney,0
T00088,C0088,641.18,2023-03-29,London,0
T00089,C0089,888.34,2023-03-30,New York,1
T00090,C0090,477.49,2023-03-31,New York,0
T00091,C0091,128.4,2023-04-01,New York,0
T00092,C0092,716.11,2023-04-02,Tokyo,0
T00093,C0093,763.18,2023-04-03,Tokyo,0
T00094,C0094,565.66,2023-04-04,London,0
T00095,C0095,773.26,2023-04-05,New York,0
T00096,C0096,498.86,2023-04-06,San Francisco,0
T00097,C0097,527.51,2023-04-07,Sydney,0
T00098,C0098,433.27,2023-04-08,London,0
T00099,C0099,35.16,2023-04-09,Sydney,0
T00100,C0100,116.81,2023-04-10,Sydney,0
T00101,C0101,41.11,2023-04-11,New York,0
T00102,C0102,640.05,2023-04-12,Tokyo,1
T00103,C0103,321.21,2023-04-13,Tokyo,0
T00104,C0104,513.48,2023-04-14,London,0
T00105,C0105,908.49,2023-04-15,San Francisco,1
T00106,C0106,256.8,2023-04-16,Tokyo,0
T00107,C0107,416.28,2023-04-17,New York,0
T00108,C0108,758.0,2023-04-18,London,0
T00109,C0109,236.51,2023-04-19,London,0
T00110,C0110,86.21,2023-04-20,Sydney,0
T00111,C0111,296.85,2023-04-21,Sydney,0
T00112,C0112,169.61,2023-04-22,San Francisco,0
T00113,C0113,930.4,2023-04-23,London,0
T00114,C0114,810.04,2023-04-24,New York,0
T00115,C0115,637.07,2023-04-25,Sydney,0
T00116,C0116,872.75,2023-04-26,Sydney,0
T00117,C0117,805.64,2023-04-27,San Francisco,0
T00118,C0118,194.7,2023-04-28,Tokyo,0
T00119,C0119,893.63,2023-04-29,Tokyo,0
T00120,C0120,543.95,2023-04-30,New York,0
T00121,C0121,809.37,2023-05-01,Tokyo,0
T00122,C0122,897.13,2023-05-02,London,1
T00123,C0123,324.82,2023-05-03,Tokyo,0
T00124,C0124,118.95,2023-05-04,London,0
T00125,C0125,235.66,2023-05-05,New York,0
T00126,C0126,432.84,2023-05-06,San Francisco,0
T00127,C0127,819.83,2023-05-07,New York,0
T00128,C0128,862.12,2023-05-08,Sydney,0
T00129,C0129,16.88,2023-05-09,Sydney,0
T00130,C0130,515.64,2023-05-10,Sydney,0
T00131,C0131,423.24,2023-05-11,San Francisco,0
T00132,C0132,229.89,2023-05-12,New York,0
T00133,C0133,128.67,2023-05-13,Sydney,0
T00134,C0134,344.24,2023-05-14,Sydney,0
T00135,C0135,943.48,2023-05-15,New York,0
T00136,C0136,329.97,2023-05-16,London,0
T00137,C0137,523.6,2023-05-17,New York,0
T00138,C0138,705.99,2023-05-18,Tokyo,0
T00139,C0139,369.99,2023-05-19,Tokyo,0
T00140,C0140,972.06,2023-05-20,New York,0
T00141,C0141,962.82,2023-05-21,London,0
T00142,C0142,259.26,2023-05-22,London,0
T00143,C0143,502.28,2023-05-23,San Francisco,0
T00144,C0144,307.87,2023-05-24,Sydney,0
T00145,C0145,291.99,2023-05-25,London,0
T00146,C0146,46.52,2023-05-26,San Francisco,0
T00147,C0147,613.47,2023-05-27,London,0
T00148,C0148,507.65,2023-05-28,Tokyo,0
T00149,C0149,60.96,2023-05-29,San Francisco,0
T00150,C0150,285.86,2023-05-30,San Francisco,0
T00151,C0151,909.18,2023-05-31,Sydney,0
T00152,C0152,247.17,2023-06-01,Tokyo,0
T00153,C0153,153.45,2023-06-02,London,0
T00154,C0154,494.56,2023-06-03,London,0
T00155,C0155,985.79,2023-06-04,New York,0
T00156,C0156,249.63,2023-06-05,San Francisco,0
T00157,C0157,675.41,2023-06-06,San Francisco,0
T00158,C0158,764.0,2023-06-07,London,0
T00159,C0159,245.26,2023-06-08,San Francisco,0
T00160,C0160,730.93,2023-06-09,San Francisco,0
T00161,C0161,374.11,2023-06-10,New York,0
T00162,C0162,635.98,2023-06-11,Tokyo,0
T00163,C0163,637.19,2023-06-12,San Francisco,0
T00164,C0164,540.42,2023-06-13,Sydney,0
T00165,C0165,99.39,2023-06-14,Sydney,0
T00166,C0166,836.95,2023-06-15,New York,0
T00167,C0167,327.57,2023-06-16,San Francisco,0
T00168,C0168,194.65,2023-06-17,Tokyo,0
T00169,C0169,50.37,2023-06-18,San Francisco,0
T00170,C0170,594.98,2023-06-19,New York,0
T00171,C0171,680.79,2023-06-20,Sydney,0
T00172,C0172,26.42,2023-06-21,London,1
T00173,C0173,516.97,2023-06-22,London,0
T00174,C0174,234.23,2023-06-23,Tokyo,0
T00175,C0175,648.72,2023-06-24,Sydney,0
T00176,C0176,182.62,2023-06-25,New York,0
T00177,C0177,694.03,2023-06-26,New York,0
T00178,C0178,392.87,2023-06-27,London,0
T00179,C0179,937.36,2023-06-28,London,0
T00180,C0180,146.15,2023-06-29,London,0
T00181,C0181,347.66,2023-06-30,Tokyo,1
T00182,C0182,122.34,2023-07-01,Tokyo,0
T00183,C0183,925.45,2023-07-02,Sydney,0
T00184,C0184,878.57,2023-07-03,New York,0
T00185,C0185,265.36,2023-07-04,London,0
T00186,C0186,663.38,2023-07-05,San Francisco,0
T00187,C0187,819.05,2023-07-06,Sydney,0
T00188,C0188,559.65,2023-07-07,San Francisco,0
T00189,C0189,534.35,2023-07-08,New York,0
T00190,C0190,249.43,2023-07-09,London,0
T00191,C0191,102.17,2023-07-10,London,0
T00192,C0192,898.24,2023-07-11,San Francisco,0
T00193,C0193,901.41,2023-07-12,San Francisco,0
T00194,C0194,636.77,2023-07-13,Sydney,0
T00195,C0195,345.64,2023-07-14,London,0
T00196,C0196,355.72,2023-07-15,Sydney,0
T00197,C0197,728.7,2023-07-16,London,1
T00198,C0198,898.14,2023-07-17,New York,1
T00199,C0199,888.22,2023-07-18,Sydney,0
T00200,C0200,782.08,2023-07-19,Sydney,0
T00201,C0201,645.61,2023-07-20,Sydney,0
T00202,C0202,93.3,2023-07-21,Sydney,0
T00203,C0203,170.01,2023-07-22,Sydney,0
T00204,C0204,899.57,2023-07-23,New York,0
T00205,C0205,610.36,2023-07-24,London,0
T00206,C0206,19.11,2023-07-25,San Francisco,0
T00207,C0207,110.46,2023-07-26,London,0
T00208,C0208,666.87,2023-07-27,New York,0
T00209,C0209,15.01,2023-07-28,San Francisco,0
T00210,C0210,169.2,2023-07-29,Sydney,1
T00211,C0211,553.25,2023-07-30,San Francisco,0
T00212,C0212,694.98,2023-07-31,Tokyo,0
T00213,C0213,655.44,2023-08-01,London,0
T00214,C0214,232.03,2023-08-02,London,0
T00215,C0215,715.06,2023-08-03,Sydney,0
T00216,C0216,244.88,2023-08-04,Sydney,0
T00217,C0217,332.15,2023-08-05,London,0
T00218,C0218,749.03,2023-08-06,Tokyo,0
T00219,C0219,653.14,2023-08-07,New York,0
T00220,C0220,850.73,2023-08-08,San Francisco,0
T00221,C0221,661.04,2023-08-09,Sydney,1
T00222,C0222,572.63,2023-08-10,London,0
T00223,C0223,102.74,2023-08-11,London,0
T00224,C0224,374.04,2023-08-12,Tokyo,0
T00225,C0225,272.55,2023-08-13,New York,0
T00226,C0226,251.55,2023-08-14,London,0
T00227,C0227,973.28,2023-08-15,London,0
T00228,C0228,399.17,2023-08-16,Sydney,0
T00229,C0229,893.13,2023-08-17,New York,1
T00230,C0230,634.83,2023-08-18,Sydney,0
T00231,C0231,796.86,2023-08-19,New York,0
T00232,C0232,507.61,2023-08-20,New York,0
T00233,C0233,581.13,2023-08-21,London,0
T00234,C0234,497.59,2023-08-22,Tokyo,0
T00235,C0235,203.29,2023-08-23,San Francisco,0
T00236,C0236,725.23,2023-08-24,New York,0
T00237,C0237,287.96,2023-08-25,Sydney,0
T00238,C0238,34.07,2023-08-26,San Francisco,0
T00239,C0239,649.02,2023-08-27,London,1
T00240,C0240,185.34,2023-08-28,Tokyo,0
T00241,C0241,941.05,2023-08-29,London,0
T00242,C0242,954.39,2023-08-30,London,0
T00243,C0243,915.72,2023-08-31,London,0
T00244,C0244,376.46,2023-09-01,Sydney,0
T00245,C0245,25.3,2023-09-02,San Francisco,0
T00246,C0246,929.04,2023-09-03,Tokyo,0
T00247,C0247,433.9,2023-09-04,San Francisco,0
T00248,C0248,966.99,2023-09-05,San Francisco,0
T00249,C0249,963.98,2023-09-06,Tokyo,0
T00250,C0250,854.48,2023-09-07,San Francisco,0
T00251,C0251,301.5,2023-09-08,San Francisco,0
T00252,C0252,391.25,2023-09-09,Tokyo,0
T00253,C0253,852.63,2023-09-10,New York,0
T00254,C0254,323.75,2023-09-11,London,0
T00255,C0255,177.8,2023-09-12,Sydney,0
T00256,C0256,561.23,2023-09-13,Sydney,0
T00257,C0257,936.79,2023-09-14,New York,0
T00258,C0258,699.07,2023-09-15,San Francisco,0
T00259,C0259,574.36,2023-09-16,San Francisco,0
T00260,C0260,106.2,2023-09-17,Sydney,0
T00261,C0261,618.86,2023-09-18,Sydney,0
T00262,C0262,990.15,2023-09-19,Sydney,0
T00263,C0263,148.68,2023-09-20,San Francisco,0
T00264,C0264,523.15,2023-09-21,New York,0
T00265,C0265,878.6,2023-09-22,Sydney,0
T00266,C0266,743.36,2023-09-23,Tokyo,0
T00267,C0267,700.05,2023-09-24,Tokyo,0
T00268,C0268,705.46,2023-09-25,Sydney,0
T00269,C0269,365.9,2023-09-26,Tokyo,0
T00270,C0270,300.66,2023-09-27,New York,0
T00271,C0271,811.27,2023-09-28,Sydney,0
T00272,C0272,812.01,2023-09-29,San Francisco,0
T00273,C0273,868.4,2023-09-30,Tokyo,0
T00274,C0274,914.11,2023-10-01,Sydney,0
T00275,C0275,516.23,2023-10-02,New York,0
T00276,C0276,506.5,2023-10-03,New York,0
T00277,C0277,800.31,2023-10-04,New York,0
T00278,C0278,653.46,2023-10-05,London,1
T00279,C0279,704.95,2023-10-06,San Francisco,0
T00280,C0280,797.83,2023-10-07,Tokyo,0
T00281,C0281,891.11,2023-10-08,Tokyo,0
T00282,C0282,344.62,2023-10-09,San Francisco,0
T00283,C0283,381.83,2023-10-10,Tokyo,0
T00284,C0284,103.04,2023-10-11,San Francisco,0
T00285,C0285,582.5,2023-10-12,London,0
T00286,C0286,45.58,2023-10-13,Sydney,0
T00287,C0287,470.94,2023-10-14,Sydney,0
T00288,C0288,547.22,2023-10-15,New York,0
T00289,C0289,293.68,2023-10-16,London,0
T00290,C0290,594.92,2023-10-17,San Francisco,0
T00291,C0291,40.2,2023-10-18,New York,0
T00292,C0292,46.97,2023-10-19,Tokyo,0
T00293,C0293,824.37,2023-10-20,Tokyo,0
T00294,C0294,366.59,2023-10-21,San Francisco,0
T00295,C0295,135.79,2023-10-22,Tokyo,0
T00296,C0296,527.02,2023-10-23,London,0
T00297,C0297,772.29,2023-10-24,London,0
T00298,C0298,223.66,2023-10-25,New York,0
T00299,C0299,626.66,2023-10-26,New York,0
T00300,C0300,94.49,2023-10-27,Sydney,0
T00301,C0301,61.16,2023-10-28,Sydney,0
T00302,C0302,536.04,2023-10-29,London,0
T00303,C0303,545.23,2023-10-30,Sydney,0
T00304,C0304,641.06,2023-10-31,London,0
T00305,C0305,728.83,2023-11-01,New York,0
T00306,C0306,976.09,2023-11-02,New York,0
T00307,C0307,521.14,2023-11-03,San Francisco,0
T00308,C0308,329.73,2023-11-04,Sydney,0
T00309,C0309,797.23,2023-11-05,Tokyo,0
T00310,C0310,278.12,2023-11-06,Sydney,0
T00311,C0311,444.58,2023-11-07,Sydney,0
T00312,C0312,87.67,2023-11-08,San Francisco,0
T00313,C0313,35.1,2023-11-09,San Francisco,0
T00314,C0314,963.02,2023-11-10,New York,0
T00315,C0315,837.62,2023-11-11,Tokyo,0
T00316,C0316,699.01,2023-11-12,Sydney,0
T00317,C0317,414.86,2023-11-13,London,0
T00318,C0318,181.56,2023-11-14,Tokyo,0
T00319,C0319,164.87,2023-11-15,New York,0
T00320,C0320,257.74,2023-11-16,Sydney,0
T00321,C0321,553.73,2023-11-17,Sydney,0
T00322,C0322,717.45,2023-11-18,Sydney,0
T00323,C0323,663.6,2023-11-19,Sydney,0
T00324,C0324,287.13,2023-11-20,Sydney,0
T00325,C0325,955.32,2023-11-21,New York,1
T00326,C0326,740.52,2023-11-22,Tokyo,0
T00327,C0327,558.81,2023-11-23,San Francisco,0
T00328,C0328,615.6,2023-11-24,Sydney,0
T00329,C0329,425.4,2023-11-25,Sydney,0
T00330,C0330,255.25,2023-11-26,Sydney,0
T00331,C0331,362.41,2023-11-27,Sydney,0
T00332,C0332,760.27,2023-11-28,San Francisco,0
T00333,C0333,24.25,2023-11-29,Tokyo,0
T00334,C0334,124.91,2023-11-30,New York,1
T00335,C0335,55.54,2023-12-01,Sydney,1
T00336,C0336,50.32,2023-12-02,Sydney,0
T00337,C0337,856.91,2023-12-03,San Francisco,0
T00338,C0338,706.62,2023-12-04,Sydney,0
T00339,C0339,479.43,2023-12-05,London,0
T00340,C0340,106.86,2023-12-06,San Francisco,0
T00341,C0341,496.7,2023-12-07,Tokyo,0
T00342,C0342,478.74,2023-12-08,San Francisco,0
T00343,C0343,181.47,2023-12-09,New York,0
T00344,C0344,439.51,2023-12-10,New York,0
T00345,C0345,404.52,2023-12-11,San Francisco,0
T00346,C0346,619.69,2023-12-12,Sydney,0
T00347,C0347,638.74,2023-12-13,Sydney,0
T00348,C0348,54.85,2023-12-14,San Francisco,0
T00349,C0349,380.87,2023-12-15,Tokyo,1
T00350,C0350,629.6,2023-12-16,San Francisco,0
T00351,C0351,508.1,2023-12-17,Sydney,0
T00352,C0352,857.92,2023-12-18,London,0
T00353,C0353,662.11,2023-12-19,Sydney,0
T00354,C0354,171.31,2023-12-20,New York,0
T00355,C0355,79.86,2023-12-21,Sydney,0
T00356,C0356,646.0,2023-12-22,New York,0
T00357,C0357,36.25,2023-12-23,Sydney,0
T00358,C0358,589.92,2023-12-24,San Francisco,0
T00359,C0359,940.83,2023-12-25,New York,0
T00360,C0360,579.72,2023-12-26,London,0
T00361,C0361,394.29,2023-12-27,Tokyo,0
T00362,C0362,646.86,2023-12-28,San Francisco,0
T00363,C0363,463.67,2023-12-29,Tokyo,0
T00364,C0364,550.16,2023-12-30,London,0
T00365,C0365,942.05,2023-12-31,San Francisco,0
T00366,C0366,392.24,2024-01-01,London,0
T00367,C0367,961.58,2024-01-02,San Francisco,0
T00368,C0368,906.3,2024-01-03,Tokyo,0
T00369,C0369,203.83,2024-01-04,New York,0
T00370,C0370,78.67,2024-01-05,Sydney,0
T00371,C0371,109.77,2024-01-06,London,1
T00372,C0372,28.04,2024-01-07,Tokyo,0
T00373,C0373,103.5,2024-01-08,Tokyo,0
T00374,C0374,686.18,2024-01-09,Tokyo,0
T00375,C0375,80.48,2024-01-10,San Francisco,0
T00376,C0376,325.79,2024-01-11,New York,0
T00377,C0377,846.43,2024-01-12,Tokyo,0
T00378,C0378,33.04,2024-01-13,San Francisco,0
T00379,C0379,816.32,2024-01-14,San Francisco,0
T00380,C0380,289.04,2024-01-15,Sydney,0
T00381,C0381,126.98,2024-01-16,Tokyo,0
T00382,C0382,699.77,2024-01-17,San Francisco,0
T00383,C0383,632.65,2024-01-18,San Francisco,1
T00384,C0384,878.7,2024-01-19,London,0
T00385,C0385,737.72,2024-01-20,London,0
T00386,C0386,805.45,2024-01-21,San Francisco,0
T00387,C0387,289.21,2024-01-22,New York,0
T00388,C0388,185.67,2024-01-23,London,0
T00389,C0389,753.11,2024-01-24,Sydney,1
T00390,C0390,808.77,2024-01-25,Tokyo,0
T00391,C0391,990.6,2024-01-26,Sydney,0
T00392,C0392,418.49,2024-01-27,Tokyo,0
T00393,C0393,378.3,2024-01-28,San Francisco,0
T00394,C0394,778.65,2024-01-29,London,0
T00395,C0395,347.4,2024-01-30,New York,0
T00396,C0396,931.45,2024-01-31,San Francisco,0
T00397,C0397,859.83,2024-02-01,London,0
T00398,C0398,434.7,2024-02-02,London,0
T00399,C0399,753.36,2024-02-03,Tokyo,0
T00400,C0400,757.0,2024-02-04,London,0
T00401,C0401,112.09,2024-02-05,London,0
T00402,C0402,903.53,2024-02-06,San Francisco,0
T00403,C0403,510.2,2024-02-07,London,0
T00404,C0404,828.19,2024-02-08,Sydney,0
T00405,C0405,326.85,2024-02-09,Tokyo,0
T00406,C0406,896.57,2024-02-10,New York,0
T00407,C0407,395.31,2024-02-11,New York,0
T00408,C0408,20.73,2024-02-12,London,0
T00409,C0409,906.33,2024-02-13,Tokyo,0
T00410,C0410,100.37,2024-02-14,San Francisco,0
T00411,C0411,326.12,2024-02-15,Sydney,0
T00412,C0412,950.56,2024-02-16,Tokyo,0
T00413,C0413,951.1,2024-02-17,Tokyo,0
T00414,C0414,577.7,2024-02-18,San Francisco,0
T00415,C0415,635.52,2024-02-19,New York,0
T00416,C0416,453.96,2024-02-20,New York,0
T00417,C0417,300.28,2024-02-21,San Francisco,0
T00418,C0418,335.38,2024-02-22,London,0
T00419,C0419,675.79,2024-02-23,Sydney,0
T00420,C0420,754.85,2024-02-24,New York,0
T00421,C0421,793.66,2024-02-25,London,0
T00422,C0422,791.72,2024-02-26,Tokyo,0
T00423,C0423,100.29,2024-02-27,New York,0
T00424,C0424,499.48,2024-02-28,Tokyo,0
T00425,C0425,66.98,2024-02-29,London,1
T00426,C0426,554.03,2024-03-01,San Francisco,1
T00427,C0427,447.12,2024-03-02,Tokyo,0
T00428,C0428,888.83,2024-03-03,New York,1
T00429,C0429,357.41,2024-03-04,Tokyo,0
T00430,C0430,125.9,2024-03-05,Tokyo,0
T00431,C0431,151.56,2024-03-06,New York,0
T00432,C0432,763.9,2024-03-07,London,0
T00433,C0433,622.04,2024-03-08,New York,0
T00434,C0434,110.11,2024-03-09,Sydney,0
T00435,C0435,93.27,2024-03-10,London,0
T00436,C0436,703.96,2024-03-11,New York,0
T00437,C0437,82.04,2024-03-12,San Francisco,0
T00438,C0438,823.64,2024-03-13,Sydney,0
T00439,C0439,709.18,2024-03-14,London,0
T00440,C0440,90.54,2024-03-15,Sydney,0
T00441,C0441,93.99,2024-03-16,Tokyo,1
T00442,C0442,986.77,2024-03-17,Sydney,0
T00443,C0443,380.53,2024-03-18,London,0
T00444,C0444,376.94,2024-03-19,Sydney,0
T00445,C0445,814.67,2024-03-20,Sydney,0
T00446,C0446,947.78,2024-03-21,Tokyo,0
T00447,C0447,986.14,2024-03-22,Tokyo,0
T00448,C0448,755.84,2024-03-23,London,0
T00449,C0449,382.5,2024-03-24,Sydney,0
T00450,C0450,92.67,2024-03-25,London,0
T00451,C0451,779.38,2024-03-26,Sydney,0
T00452,C0452,562.82,2024-03-27,Tokyo,0
T00453,C0453,429.98,2024-03-28,London,0
T00454,C0454,907.29,2024-03-29,San Francisco,0
T00455,C0455,120.09,2024-03-30,San Francisco,0
T00456,C0456,497.7,2024-03-31,Tokyo,0
T00457,C0457,21.24,2024-04-01,Tokyo,0
T00458,C0458,473.97,2024-04-02,London,0
T00459,C0459,65.74,2024-04-03,Tokyo,0
T00460,C0460,127.63,2024-04-04,San Francisco,0
T00461,C0461,126.35,2024-04-05,New York,0
T00462,C0462,652.72,2024-04-06,San Francisco,0
T00463,C0463,748.58,2024-04-07,San Francisco,0
T00464,C0464,587.54,2024-04-08,San Francisco,0
T00465,C0465,962.55,2024-04-09,London,1
T00466,C0466,381.12,2024-04-10,New York,0
T00467,C0467,292.85,2024-04-11,San Francisco,1
T00468,C0468,869.91,2024-04-12,Tokyo,0
T00469,C0469,231.36,2024-04-13,Tokyo,0
T00470,C0470,963.59,2024-04-14,New York,0
T00471,C0471,22.03,2024-04-15,London,0
T00472,C0472,970.18,2024-04-16,London,0
T00473,C0473,52.73,2024-04-17,London,0
T00474,C0474,892.23,2024-04-18,San Francisco,0
T00475,C0475,532.42,2024-04-19,London,0
T00476,C0476,993.04,2024-04-20,Sydney,0
T00477,C0477,83.06,2024-04-21,London,0
T00478,C0478,558.32,2024-04-22,Tokyo,0
T00479,C0479,969.61,2024-04-23,Sydney,0
T00480,C0480,527.87,2024-04-24,Tokyo,0
T00481,C0481,633.1,2024-04-25,San Francisco,0
T00482,C0482,698.79,2024-04-26,New York,0
T00483,C0483,460.0,2024-04-27,San Francisco,0
T00484,C0484,631.28,2024-04-28,Tokyo,0
T00485,C0485,588.47,2024-04-29,Sydney,0
T00486,C0486,902.15,2024-04-30,Sydney,0
T00487,C0487,54.99,2024-05-01,London,0
T00488,C0488,288.15,2024-05-02,Tokyo,0
T00489,C0489,950.91,2024-05-03,London,0
T00490,C0490,891.36,2024-05-04,Tokyo,0
T00491,C0491,461.1,2024-05-05,San Francisco,0
T00492,C0492,623.93,2024-05-06,San Francisco,0
T00493,C0493,284.61,2024-05-07,London,0
T00494,C0494,196.24,2024-05-08,New York,0
T00495,C0495,469.06,2024-05-09,San Francisco,0
T00496,C0496,359.82,2024-05-10,Tokyo,0
T00497,C0497,587.82,2024-05-11,London,0
T00498,C0498,86.96,2024-05-12,New York,0
T00499,C0499,974.65,2024-05-13,London,0
T00500,C0500,986.35,2024-05-14,New York,0
T00501,C0501,701.18,2024-05-15,Tokyo,0
T00502,C0502,540.74,2024-05-16,New York,0
T00503,C0503,316.43,2024-05-17,San Francisco,0
T00504,C0504,815.66,2024-05-18,London,0
T00505,C0505,687.88,2024-05-19,New York,0
T00506,C0506,170.99,2024-05-20,Tokyo,0
T00507,C0507,911.82,2024-05-21,New York,0
T00508,C0508,824.31,2024-05-22,London,0
T00509,C0509,950.3,2024-05-23,New York,0
T00510,C0510,728.46,2024-05-24,San Francisco,0
T00511,C0511,617.28,2024-05-25,San Francisco,0
T00512,C0512,424.06,2024-05-26,San Francisco,0
T00513,C0513,933.4,2024-05-27,Tokyo,1
T00514,C0514,867.4,2024-05-28,San Francisco,0
T00515,C0515,54.77,2024-05-29,Tokyo,0
T00516,C0516,36.1,2024-05-30,Sydney,0
T00517,C0517,382.7,2024-05-31,San Francisco,0
T00518,C0518,812.45,2024-06-01,New York,0
T00519,C0519,987.4,2024-06-02,New York,0
T00520,C0520,158.91,2024-06-03,London,0
T00521,C0521,598.19,2024-06-04,Sydney,0
T00522,C0522,387.08,2024-06-05,San Francisco,0
T00523,C0523,970.22,2024-06-06,Tokyo,0
T00524,C0524,843.7,2024-06-07,Tokyo,0
T00525,C0525,839.95,2024-06-08,Tokyo,0
T00526,C0526,474.01,2024-06-09,Tokyo,0
T00527,C0527,420.67,2024-06-10,Sydney,0
T00528,C0528,280.67,2024-06-11,New York,0
T00529,C0529,65.81,2024-06-12,New York,0
T00530,C0530,866.08,2024-06-13,New York,0
T00531,C0531,814.77,2024-06-14,New York,0
T00532,C0532,999.72,2024-06-15,Tokyo,0
T00533,C0533,996.67,2024-06-16,London,0
T00534,C0534,559.88,2024-06-17,San Francisco,0
T00535,C0535,771.3,2024-06-18,Tokyo,0
T00536,C0536,945.32,2024-06-19,Tokyo,0
T00537,C0537,851.15,2024-06-20,New York,0
T00538,C0538,254.87,2024-06-21,Tokyo,0
T00539,C0539,456.04,2024-06-22,Tokyo,0
T00540,C0540,137.87,2024-06-23,New York,0
T00541,C0541,954.51,2024-06-24,Sydney,0
T00542,C0542,610.11,2024-06-25,Sydney,0
T00543,C0543,236.36,2024-06-26,New York,0
T00544,C0544,674.98,2024-06-27,New York,0
T00545,C0545,621.95,2024-06-28,San Francisco,1
T00546,C0546,364.58,2024-06-29,Tokyo,0
T00547,C0547,122.42,2024-06-30,Sydney,0
T00548,C0548,674.86,2024-07-01,San Francisco,0
T00549,C0549,525.1,2024-07-02,Tokyo,0
T00550,C0550,774.6,2024-07-03,New York,0
T00551,C0551,524.96,2024-07-04,Tokyo,1
T00552,C0552,853.66,2024-07-05,Tokyo,0
T00553,C0553,556.39,2024-07-06,New York,0
T00554,C0554,565.33,2024-07-07,Tokyo,0
T00555,C0555,877.89,2024-07-08,Sydney,0
T00556,C0556,409.45,2024-07-09,Tokyo,0
T00557,C0557,142.68,2024-07-10,New York,0
T00558,C0558,38.49,2024-07-11,Sydney,0
T00559,C0559,757.59,2024-07-12,Tokyo,0
T00560,C0560,624.11,2024-07-13,San Francisco,0
T00561,C0561,707.04,2024-07-14,London,0
T00562,C0562,220.83,2024-07-15,San Francisco,0
T00563,C0563,145.01,2024-07-16,London,0
T00564,C0564,24.4,2024-07-17,San Francisco,0
T00565,C0565,357.08,2024-07-18,Sydney,0
T00566,C0566,594.02,2024-07-19,Sydney,0
T00567,C0567,398.32,2024-07-20,New York,0
T00568,C0568,443.1,2024-07-21,Sydney,0
T00569,C0569,905.12,2024-07-22,Tokyo,0
T00570,C0570,354.77,2024-07-23,Sydney,0
T00571,C0571,518.85,2024-07-24,Tokyo,0
T00572,C0572,785.82,2024-07-25,London,0
T00573,C0573,402.58,2024-07-26,Tokyo,0
T00574,C0574,625.87,2024-07-27,Sydney,0
T00575,C0575,863.74,2024-07-28,San Francisco,0
T00576,C0576,950.03,2024-07-29,Sydney,0
T00577,C0577,155.6,2024-07-30,London,0
T00578,C0578,927.32,2024-07-31,London,0
T00579,C0579,497.2,2024-08-01,London,0
T00580,C0580,265.66,2024-08-02,Tokyo,0
T00581,C0581,464.54,2024-08-03,San Francisco,0
T00582,C0582,980.23,2024-08-04,Sydney,0
T00583,C0583,497.69,2024-08-05,Sydney,0
T00584,C0584,335.46,2024-08-06,New York,0
T00585,C0585,637.07,2024-08-07,Sydney,1
T00586,C0586,247.74,2024-08-08,San Francisco,0
T00587,C0587,85.1,2024-08-09,London,0
T00588,C0588,137.59,2024-08-10,Tokyo,0
T00589,C0589,136.77,2024-08-11,San Francisco,0
T00590,C0590,160.38,2024-08-12,New York,0
T00591,C0591,147.44,2024-08-13,Sydney,0
T00592,C0592,644.47,2024-08-14,New York,1
T00593,C0593,190.06,2024-08-15,San Francisco,0
T00594,C0594,352.21,2024-08-16,Tokyo,0
T00595,C0595,897.82,2024-08-17,San Francisco,0
T00596,C0596,479.22,2024-08-18,Sydney,0
T00597,C0597,670.88,2024-08-19,Tokyo,0
T00598,C0598,180.6,2024-08-20,San Francisco,0
T00599,C0599,200.37,2024-08-21,New York,0
T00600,C0600,50.46,2024-08-22,Sydney,0
T00601,C0601,177.25,2024-08-23,New York,0
T00602,C0602,285.8,2024-08-24,Tokyo,0
T00603,C0603,185.24,2024-08-25,London,0
T00604,C0604,97.82,2024-08-26,Tokyo,0
T00605,C0605,129.43,2024-08-27,Tokyo,0
T00606,C0606,466.17,2024-08-28,Tokyo,0
T00607,C0607,214.27,2024-08-29,London,0
T00608,C0608,370.63,2024-08-30,Tokyo,0
T00609,C0609,508.38,2024-08-31,New York,0
T00610,C0610,693.49,2024-09-01,San Francisco,0
T00611,C0611,48.92,2024-09-02,Tokyo,0
T00612,C0612,801.42,2024-09-03,San Francisco,0
T00613,C0613,631.62,2024-09-04,London,0
T00614,C0614,90.94,2024-09-05,London,0
T00615,C0615,874.84,2024-09-06,London,0
T00616,C0616,921.66,2024-09-07,London,0
T00617,C0617,70.47,2024-09-08,Tokyo,1
T00618,C0618,284.11,2024-09-09,San Francisco,0
T00619,C0619,808.14,2024-09-10,Tokyo,0
T00620,C0620,750.78,2024-09-11,San Francisco,0
T00621,C0621,192.68,2024-09-12,San Francisco,0
T00622,C0622,217.26,2024-09-13,New York,0
T00623,C0623,376.77,2024-09-14,New York,0
T00624,C0624,489.68,2024-09-15,New York,1
T00625,C0625,622.07,2024-09-16,London,0
T00626,C0626,375.22,2024-09-17,Tokyo,0
T00627,C0627,467.91,2024-09-18,New York,0
T00628,C0628,750.0,2024-09-19,San Francisco,0
T00629,C0629,46.32,2024-09-20,London,0
T00630,C0630,259.91,2024-09-21,Tokyo,0
T00631,C0631,716.22,2024-09-22,Sydney,0
T00632,C0632,896.25,2024-09-23,London,0
T00633,C0633,516.56,2024-09-24,San Francisco,0
T00634,C0634,536.79,2024-09-25,New York,0
T00635,C0635,116.1,2024-09-26,New York,0
T00636,C0636,452.94,2024-09-27,San Francisco,0
T00637,C0637,537.29,2024-09-28,New York,0
T00638,C0638,250.05,2024-09-29,New York,0
T00639,C0639,276.55,2024-09-30,London,1
T00640,C0640,383.51,2024-10-01,San Francisco,0
T00641,C0641,29.87,2024-10-02,Sydney,0
T00642,C0642,328.86,2024-10-03,London,0
T00643,C0643,219.33,2024-10-04,Tokyo,0
T00644,C0644,334.22,2024-10-05,New York,0
T00645,C0645,128.56,2024-10-06,Sydney,0
T00646,C0646,891.62,2024-10-07,London,0
T00647,C0647,597.66,2024-10-08,Sydney,0
T00648,C0648,682.31,2024-10-09,London,0
T00649,C0649,791.28,2024-10-10,London,0
T00650,C0650,503.46,2024-10-11,London,0
T00651,C0651,96.05,2024-10-12,New York,0
T00652,C0652,541.74,2024-10-13,New York,0
T00653,C0653,590.97,2024-10-14,Sydney,0
T00654,C0654,747.99,2024-10-15,London,0
T00655,C0655,437.34,2024-10-16,Sydney,0
T00656,C0656,136.3,2024-10-17,London,0
T00657,C0657,290.94,2024-10-18,New York,0
T00658,C0658,369.45,2024-10-19,Tokyo,0
T00659,C0659,649.46,2024-10-20,New York,0
T00660,C0660,575.07,2024-10-21,New York,0
T00661,C0661,362.54,2024-10-22,London,0
T00662,C0662,986.65,2024-10-23,San Francisco,0
T00663,C0663,609.72,2024-10-24,Sydney,0
T00664,C0664,244.85,2024-10-25,New York,0
T00665,C0665,110.76,2024-10-26,Tokyo,1
T00666,C0666,161.33,2024-10-27,Tokyo,0
T00667,C0667,253.5,2024-10-28,Tokyo,0
T00668,C0668,169.07,2024-10-29,San Francisco,0
T00669,C0669,194.7,2024-10-30,London,0
T00670,C0670,292.24,2024-10-31,London,0
T00671,C0671,181.64,2024-11-01,London,0
T00672,C0672,897.8,2024-11-02,Sydney,0
T00673,C0673,89.43,2024-11-03,Sydney,0
T00674,C0674,529.27,2024-11-04,San Francisco,0
T00675,C0675,416.29,2024-11-05,Tokyo,0
T00676,C0676,982.55,2024-11-06,Tokyo,0
T00677,C0677,120.92,2024-11-07,Tokyo,0
T00678,C0678,403.88,2024-11-08,Sydney,0
T00679,C0679,969.78,2024-11-09,San Francisco,0
T00680,C0680,866.85,2024-11-10,San Francisco,0
T00681,C0681,818.9,2024-11-11,Tokyo,0
T00682,C0682,265.32,2024-11-12,New York,1
T00683,C0683,179.18,2024-11-13,New York,0
T00684,C0684,671.96,2024-11-14,New York,0
T00685,C0685,930.08,2024-11-15,New York,0
T00686,C0686,561.2,2024-11-16,London,0
T00687,C0687,575.9,2024-11-17,London,0
T00688,C0688,287.18,2024-11-18,San Francisco,0
T00689,C0689,771.8,2024-11-19,San Francisco,0
T00690,C0690,195.17,2024-11-20,Tokyo,0
T00691,C0691,330.44,2024-11-21,Tokyo,0
T00692,C0692,431.18,2024-11-22,London,0
T00693,C0693,512.53,2024-11-23,Tokyo,0
T00694,C0694,249.99,2024-11-24,Sydney,0
T00695,C0695,123.69,2024-11-25,Tokyo,0
T00696,C0696,614.51,2024-11-26,Tokyo,0
T00697,C0697,295.74,2024-11-27,Tokyo,0
T00698,C0698,585.43,2024-11-28,Sydney,0
T00699,C0699,162.82,2024-11-29,London,1
T00700,C0700,486.33,2024-11-30,London,0
T00701,C0701,537.26,2024-12-01,Tokyo,1
T00702,C0702,61.31,2024-12-02,Sydney,0
T00703,C0703,343.24,2024-12-03,Sydney,0
T00704,C0704,143.07,2024-12-04,New York,0
T00705,C0705,72.74,2024-12-05,New York,0
T00706,C0706,990.06,2024-12-06,San Francisco,0
T00707,C0707,329.13,2024-12-07,Tokyo,0
T00708,C0708,811.78,2024-12-08,London,0
T00709,C0709,262.09,2024-12-09,San Francisco,0
T00710,C0710,684.69,2024-12-10,New York,0
T00711,C0711,762.63,2024-12-11,Tokyo,0
T00712,C0712,599.68,2024-12-12,Tokyo,0
T00713,C0713,476.86,2024-12-13,Sydney,0
T00714,C0714,417.72,2024-12-14,London,0
T00715,C0715,355.38,2024-12-15,London,0
T00716,C0716,930.23,2024-12-16,New York,1
T00717,C0717,832.31,2024-12-17,New York,0
T00718,C0718,965.38,2024-12-18,London,0
T00719,C0719,133.05,2024-12-19,San Francisco,1
T00720,C0720,733.56,2024-12-20,San Francisco,0
T00721,C0721,938.96,2024-12-21,New York,0
T00722,C0722,189.42,2024-12-22,Sydney,0
T00723,C0723,75.83,2024-12-23,Sydney,0
T00724,C0724,743.71,2024-12-24,London,0
T00725,C0725,578.73,2024-12-25,Sydney,0
T00726,C0726,843.41,2024-12-26,Sydney,0
T00727,C0727,148.37,2024-12-27,Tokyo,0
T00728,C0728,797.31,2024-12-28,San Francisco,1
T00729,C0729,209.61,2024-12-29,New York,0
T00730,C0730,172.02,2024-12-30,Tokyo,0
T00731,C0731,172.62,2024-12-31,London,0
T00732,C0732,816.43,2025-01-01,Tokyo,0
T00733,C0733,668.55,2025-01-02,Sydney,0
T00734,C0734,527.83,2025-01-03,New York,0
T00735,C0735,365.24,2025-01-04,London,0
T00736,C0736,878.43,2025-01-05,Tokyo,0
T00737,C0737,398.52,2025-01-06,London,0
T00738,C0738,818.43,2025-01-07,New York,0
T00739,C0739,444.74,2025-01-08,San Francisco,0
T00740,C0740,383.17,2025-01-09,San Francisco,0
T00741,C0741,468.05,2025-01-10,Tokyo,0
T00742,C0742,308.36,2025-01-11,Sydney,0
T00743,C0743,750.13,2025-01-12,San Francisco,0
T00744,C0744,507.69,2025-01-13,Tokyo,0
T00745,C0745,239.89,2025-01-14,San Francisco,0
T00746,C0746,900.58,2025-01-15,Sydney,0
T00747,C0747,390.05,2025-01-16,Sydney,0
T00748,C0748,548.12,2025-01-17,London,0
T00749,C0749,907.41,2025-01-18,London,0
T00750,C0750,628.0,2025-01-19,San Francisco,0
T00751,C0751,125.73,2025-01-20,San Francisco,0
T00752,C0752,940.43,2025-01-21,Sydney,0
T00753,C0753,631.43,2025-01-22,London,0
T00754,C0754,341.56,2025-01-23,London,0
T00755,C0755,147.88,2025-01-24,Sydney,1
T00756,C0756,796.08,2025-01-25,Tokyo,0
T00757,C0757,623.87,2025-01-26,London,1
T00758,C0758,538.13,2025-01-27,London,0
T00759,C0759,894.95,2025-01-28,New York,0
T00760,C0760,790.71,2025-01-29,San Francisco,0
T00761,C0761,160.16,2025-01-30,Tokyo,0
T00762,C0762,318.6,2025-01-31,Tokyo,0
T00763,C0763,256.0,2025-02-01,Tokyo,0
T00764,C0764,746.51,2025-02-02,San Francisco,0
T00765,C0765,43.2,2025-02-03,London,0
T00766,C0766,574.19,2025-02-04,Sydney,0
T00767,C0767,764.83,2025-02-05,London,0
T00768,C0768,878.0,2025-02-06,Tokyo,0
T00769,C0769,348.66,2025-02-07,New York,0
T00770,C0770,823.04,2025-02-08,Sydney,0
T00771,C0771,119.53,2025-02-09,Tokyo,0
T00772,C0772,847.99,2025-02-10,San Francisco,0
T00773,C0773,136.21,2025-02-11,New York,0
T00774,C0774,403.31,2025-02-12,London,1
T00775,C0775,799.32,2025-02-13,London,0
T00776,C0776,158.42,2025-02-14,New York,0
T00777,C0777,236.96,2025-02-15,Sydney,0
T00778,C0778,725.03,2025-02-16,Sydney,0
T00779,C0779,722.84,2025-02-17,London,0
T00780,C0780,644.74,2025-02-18,New York,0
T00781,C0781,697.01,2025-02-19,Sydney,0
T00782,C0782,547.3,2025-02-20,London,0
T00783,C0783,259.28,2025-02-21,Tokyo,0
T00784,C0784,352.24,2025-02-22,London,0
T00785,C0785,189.78,2025-02-23,San Francisco,0
T00786,C0786,909.37,2025-02-24,Sydney,0
T00787,C0787,587.56,2025-02-25,Sydney,0
T00788,C0788,406.84,2025-02-26,San Francisco,0
T00789,C0789,467.39,2025-02-27,London,0
T00790,C0790,947.81,2025-02-28,San Francisco,0
T00791,C0791,161.82,2025-03-01,Sydney,0
T00792,C0792,590.37,2025-03-02,London,0
T00793,C0793,510.83,2025-03-03,Sydney,0
T00794,C0794,615.34,2025-03-04,Sydney,0
T00795,C0795,27.93,2025-03-05,San Francisco,0
T00796,C0796,873.4,2025-03-06,Tokyo,0
T00797,C0797,932.8,2025-03-07,London,0
T00798,C0798,569.48,2025-03-08,Sydney,0
T00799,C0799,699.68,2025-03-09,London,0
T00800,C0800,923.27,2025-03-10,Sydney,0
T00801,C0801,710.17,2025-03-11,San Francisco,1
T00802,C0802,161.01,2025-03-12,San Francisco,0
T00803,C0803,580.53,2025-03-13,London,0
T00804,C0804,610.65,2025-03-14,Sydney,0
T00805,C0805,429.89,2025-03-15,London,0
T00806,C0806,739.08,2025-03-16,New York,0
T00807,C0807,935.02,2025-03-17,London,0
T00808,C0808,926.31,2025-03-18,San Francisco,0
T00809,C0809,456.33,2025-03-19,London,0
T00810,C0810,122.11,2025-03-20,London,0
T00811,C0811,984.99,2025-03-21,London,0
T00812,C0812,840.51,2025-03-22,San Francisco,0
T00813,C0813,133.42,2025-03-23,New York,0
T00814,C0814,921.63,2025-03-24,Tokyo,0
T00815,C0815,871.2,2025-03-25,London,0
T00816,C0816,523.65,2025-03-26,San Francisco,1
T00817,C0817,595.36,2025-03-27,Tokyo,0
T00818,C0818,405.01,2025-03-28,New York,0
T00819,C0819,64.21,2025-03-29,Tokyo,0
T00820,C0820,341.85,2025-03-30,Tokyo,0
T00821,C0821,804.82,2025-03-31,Sydney,0
T00822,C0822,14.59,2025-04-01,San Francisco,0
T00823,C0823,340.16,2025-04-02,Tokyo,0
T00824,C0824,404.19,2025-04-03,Sydney,0
T00825,C0825,542.02,2025-04-04,Sydney,0
T00826,C0826,920.66,2025-04-05,London,0
T00827,C0827,352.88,2025-04-06,New York,0
T00828,C0828,353.48,2025-04-07,London,1
T00829,C0829,740.13,2025-04-08,London,0
T00830,C0830,457.7,2025-04-09,Sydney,0
T00831,C0831,232.36,2025-04-10,Sydney,1
T00832,C0832,457.92,2025-04-11,London,0
T00833,C0833,149.45,2025-04-12,London,0
T00834,C0834,184.62,2025-04-13,London,0
T00835,C0835,503.38,2025-04-14,Tokyo,0
T00836,C0836,424.74,2025-04-15,London,0
T00837,C0837,915.7,2025-04-16,Tokyo,0
T00838,C0838,368.77,2025-04-17,New York,0
T00839,C0839,584.78,2025-04-18,London,0
T00840,C0840,635.94,2025-04-19,Sydney,0
T00841,C0841,22.96,2025-04-20,San Francisco,0
T00842,C0842,666.9,2025-04-21,Tokyo,0
T00843,C0843,186.26,2025-04-22,Tokyo,0
T00844,C0844,961.46,2025-04-23,Sydney,0
T00845,C0845,157.18,2025-04-24,Sydney,0
T00846,C0846,420.48,2025-04-25,Sydney,0
T00847,C0847,94.5,2025-04-26,San Francisco,0
T00848,C0848,996.91,2025-04-27,San Francisco,0
T00849,C0849,507.17,2025-04-28,Tokyo,0
T00850,C0850,599.43,2025-04-29,Tokyo,0
T00851,C0851,76.41,2025-04-30,Sydney,0
T00852,C0852,752.46,2025-05-01,New York,0
T00853,C0853,217.81,2025-05-02,New York,0
T00854,C0854,899.07,2025-05-03,Tokyo,0
T00855,C0855,213.09,2025-05-04,Sydney,0
T00856,C0856,198.78,2025-05-05,Sydney,0
T00857,C0857,46.18,2025-05-06,Tokyo,0
T00858,C0858,477.35,2025-05-07,London,0
T00859,C0859,569.19,2025-05-08,New York,0
T00860,C0860,75.05,2025-05-09,Tokyo,0
T00861,C0861,777.77,2025-05-10,Sydney,0
T00862,C0862,458.76,2025-05-11,London,0
T00863,C0863,529.15,2025-05-12,Tokyo,0
T00864,C0864,446.36,2025-05-13,Sydney,0
T00865,C0865,406.76,2025-05-14,New York,1
T00866,C0866,564.04,2025-05-15,Tokyo,0
T00867,C0867,163.69,2025-05-16,San Francisco,0
T00868,C0868,190.11,2025-05-17,San Francisco,0
T00869,C0869,863.17,2025-05-18,New York,0
T00870,C0870,946.65,2025-05-19,London,0
T00871,C0871,379.58,2025-05-20,London,0
T00872,C0872,278.04,2025-05-21,Tokyo,0
T00873,C0873,647.56,2025-05-22,New York,0
T00874,C0874,414.65,2025-05-23,New York,0
T00875,C0875,35.13,2025-05-24,Sydney,0
T00876,C0876,164.59,2025-05-25,Tokyo,0
T00877,C0877,718.81,2025-05-26,San Francisco,0
T00878,C0878,662.33,2025-05-27,Sydney,0
T00879,C0879,36.83,2025-05-28,New York,0
T00880,C0880,229.75,2025-05-29,London,0
T00881,C0881,238.76,2025-05-30,San Francisco,0
T00882,C0882,675.17,2025-05-31,San Francisco,0
T00883,C0883,29.51,2025-06-01,New York,0
T00884,C0884,113.07,2025-06-02,Sydney,0
T00885,C0885,801.92,2025-06-03,Sydney,0
T00886,C0886,186.76,2025-06-04,Tokyo,0
T00887,C0887,656.22,2025-06-05,New York,0
T00888,C0888,245.8,2025-06-06,London,0
T00889,C0889,108.45,2025-06-07,San Francisco,0
T00890,C0890,250.74,2025-06-08,London,1
T00891,C0891,725.04,2025-06-09,Tokyo,0
T00892,C0892,857.14,2025-06-10,London,0
T00893,C0893,831.92,2025-06-11,San Francisco,0
T00894,C0894,403.21,2025-06-12,Sydney,0
T00895,C0895,671.4,2025-06-13,New York,0
T00896,C0896,212.93,2025-06-14,San Francisco,0
T00897,C0897,300.22,2025-06-15,London,0
T00898,C0898,897.37,2025-06-16,San Francisco,0
T00899,C0899,22.87,2025-06-17,London,0
T00900,C0900,94.65,2025-06-18,London,0
T00901,C0901,215.81,2025-06-19,Sydney,0
T00902,C0902,36.27,2025-06-20,San Francisco,0
T00903,C0903,189.62,2025-06-21,Sydney,0
T00904,C0904,587.21,2025-06-22,Tokyo,0
T00905,C0905,427.21,2025-06-23,San Francisco,0
T00906,C0906,893.74,2025-06-24,London,0
T00907,C0907,819.27,2025-06-25,Tokyo,1
T00908,C0908,348.4,2025-06-26,Tokyo,0
T00909,C0909,266.83,2025-06-27,New York,0
T00910,C0910,385.9,2025-06-28,Tokyo,0
T00911,C0911,594.39,2025-06-29,London,0
T00912,C0912,275.38,2025-06-30,Sydney,0
T00913,C0913,627.91,2025-07-01,San Francisco,1
T00914,C0914,415.32,2025-07-02,Tokyo,0
T00915,C0915,556.53,2025-07-03,Tokyo,0
T00916,C0916,441.77,2025-07-04,San Francisco,0
T00917,C0917,301.52,2025-07-05,Tokyo,0
T00918,C0918,948.97,2025-07-06,Tokyo,0
T00919,C0919,765.97,2025-07-07,Tokyo,0
T00920,C0920,148.71,2025-07-08,Tokyo,0
T00921,C0921,869.78,2025-07-09,Tokyo,0
T00922,C0922,492.56,2025-07-10,Sydney,0
T00923,C0923,895.61,2025-07-11,Tokyo,0
T00924,C0924,801.86,2025-07-12,Sydney,0
T00925,C0925,430.96,2025-07-13,Tokyo,0
T00926,C0926,32.24,2025-07-14,San Francisco,0
T00927,C0927,275.99,2025-07-15,London,0
T00928,C0928,546.22,2025-07-16,London,0
T00929,C0929,637.14,2025-07-17,Tokyo,0
T00930,C0930,265.31,2025-07-18,New York,0
T00931,C0931,147.96,2025-07-19,San Francisco,0
T00932,C0932,836.58,2025-07-20,Tokyo,0
T00933,C0933,984.56,2025-07-21,New York,0
T00934,C0934,530.43,2025-07-22,New York,0
T00935,C0935,179.96,2025-07-23,London,0
T00936,C0936,279.58,2025-07-24,Sydney,0
T00937,C0937,28.21,2025-07-25,London,0
T00938,C0938,915.16,2025-07-26,Sydney,0
T00939,C0939,126.57,2025-07-27,Sydney,0
T00940,C0940,580.75,2025-07-28,San Francisco,0
T00941,C0941,281.31,2025-07-29,Sydney,0
T00942,C0942,558.64,2025-07-30,London,0
T00943,C0943,654.91,2025-07-31,Sydney,0
T00944,C0944,831.44,2025-08-01,Tokyo,0
T00945,C0945,214.36,2025-08-02,San Francisco,0
T00946,C0946,20.89,2025-08-03,New York,0
T00947,C0947,145.52,2025-08-04,Sydney,0
T00948,C0948,901.02,2025-08-05,New York,0
T00949,C0949,875.15,2025-08-06,Sydney,0
T00950,C0950,601.44,2025-08-07,Sydney,0
T00951,C0951,604.51,2025-08-08,Tokyo,0
T00952,C0952,668.39,2025-08-09,Sydney,0
T00953,C0953,183.62,2025-08-10,Sydney,0
T00954,C0954,915.27,2025-08-11,Sydney,0
T00955,C0955,424.58,2025-08-12,San Francisco,1
T00956,C0956,389.31,2025-08-13,Tokyo,0
T00957,C0957,523.73,2025-08-14,New York,0
T00958,C0958,56.5,2025-08-15,London,0
T00959,C0959,174.62,2025-08-16,London,0
T00960,C0960,740.65,2025-08-17,Tokyo,0
T00961,C0961,91.97,2025-08-18,Tokyo,0
T00962,C0962,607.12,2025-08-19,London,0
T00963,C0963,252.9,2025-08-20,Sydney,0
T00964,C0964,395.4,2025-08-21,Sydney,0
T00965,C0965,295.81,2025-08-22,New York,0
T00966,C0966,362.12,2025-08-23,San Francisco,0
T00967,C0967,721.86,2025-08-24,New York,0
T00968,C0968,304.15,2025-08-25,Sydney,0
T00969,C0969,570.74,2025-08-26,London,0
T00970,C0970,481.29,2025-08-27,Sydney,0
T00971,C0971,667.03,2025-08-28,San Francisco,0
T00972,C0972,937.46,2025-08-29,New York,0
T00973,C0973,735.25,2025-08-30,Sydney,0
T00974,C0974,222.79,2025-08-31,Sydney,0
T00975,C0975,40.87,2025-09-01,San Francisco,0
T00976,C0976,269.64,2025-09-02,London,0
T00977,C0977,599.13,2025-09-03,New York,0
T00978,C0978,60.91,2025-09-04,Sydney,0
T00979,C0979,501.4,2025-09-05,San Francisco,0
T00980,C0980,600.87,2025-09-06,London,0
T00981,C0981,340.9,2025-09-07,New York,0
T00982,C0982,773.2,2025-09-08,Sydney,0
T00983,C0983,115.53,2025-09-09,New York,0
T00984,C0984,84.39,2025-09-10,London,0
T00985,C0985,730.91,2025-09-11,Tokyo,0
T00986,C0986,500.54,2025-09-12,Tokyo,0
T00987,C0987,691.52,2025-09-13,Sydney,0
T00988,C0988,440.48,2025-09-14,London,0
T00989,C0989,253.94,2025-09-15,Tokyo,0
T00990,C0990,820.91,2025-09-16,New York,0
T00991,C0991,801.42,2025-09-17,London,0
T00992,C0992,697.75,2025-09-18,New York,0
T00993,C0993,279.42,2025-09-19,London,0
T00994,C0994,594.33,2025-09-20,London,0
T00995,C0995,367.36,2025-09-21,Sydney,0
T00996,C0996,100.67,2025-09-22,New York,0
T00997,C0997,918.14,2025-09-23,San Francisco,1
T00998,C0998,145.45,2025-09-24,London,0
T00999,C0999,950.73,2025-09-25,Sydney,0
T01000,C1000,451.55,2025-09-26,Sydney,0
