transaction_amount,transaction_location_London,transaction_location_New York,transaction_location_San Francisco,transaction_location_Sydney,transaction_location_Tokyo
0.39698131718576496,0.0,0.0,0.0,1.0,0.0
-1.3884600066003248,0.0,0.0,0.0,0.0,1.0
-0.12230217718285079,0.0,0.0,1.0,0.0,0.0
-1.366666082048181,0.0,1.0,0.0,0.0,0.0
0.7869541925449952,1.0,0.0,0.0,0.0,0.0
0.3669887257782912,0.0,0.0,0.0,1.0,0.0
-1.521472133430471,0.0,0.0,0.0,1.0,0.0
-1.1753292618927744,1.0,0.0,0.0,0.0,0.0
-1.0910594202911523,1.0,0.0,0.0,0.0,0.0
-0.18076524463225185,0.0,0.0,0.0,1.0,0.0
1.3922717985980255,0.0,0.0,1.0,0.0,0.0
1.104972523351116,0.0,1.0,0.0,0.0,0.0
1.677357087858685,0.0,0.0,0.0,1.0,0.0
1.0946290575716067,1.0,0.0,0.0,0.0,0.0
-0.39040204270525247,0.0,0.0,0.0,1.0,0.0
1.4250318724883109,0.0,0.0,1.0,0.0,0.0
1.3760474325425407,0.0,1.0,0.0,0.0,0.0
0.5768676785685377,0.0,0.0,0.0,1.0,0.0
-0.9884896007719366,0.0,1.0,0.0,0.0,0.0
0.5537937933680936,1.0,0.0,0.0,0.0,0.0
-1.2821886792603483,0.0,0.0,1.0,0.0,0.0
-1.5027224396094208,0.0,0.0,1.0,0.0,0.0
0.1725384878297208,0.0,0.0,0.0,1.0,0.0
-1.5533673690448782,1.0,0.0,0.0,0.0,0.0
0.7945301758416925,0.0,0.0,0.0,1.0,0.0
1.4407027420472336,0.0,1.0,0.0,0.0,0.0
-1.085835797104845,0.0,1.0,0.0,0.0,0.0
1.4072507975362447,0.0,0.0,0.0,1.0,0.0
0.3609002643161047,0.0,0.0,0.0,0.0,1.0
-0.522756892445731,0.0,0.0,0.0,1.0,0.0
-1.2186749562798156,0.0,1.0,0.0,0.0,0.0
-1.4103231182145386,0.0,0.0,1.0,0.0,0.0
-1.4512818589601548,0.0,0.0,0.0,1.0,0.0
-0.8144841396651391,0.0,0.0,0.0,0.0,1.0
-0.3963175365122628,0.0,0.0,0.0,0.0,1.0
-0.27845737627551154,1.0,0.0,0.0,0.0,0.0
-0.5750277178398405,0.0,0.0,0.0,0.0,1.0
0.6209744306383521,0.0,0.0,1.0,0.0,0.0
0.5265340909123962,0.0,1.0,0.0,0.0,0.0
1.7342288528804692,1.0,0.0,0.0,0.0,0.0
0.21782141995473045,0.0,0.0,0.0,0.0,1.0
-0.5829150429158544,0.0,0.0,0.0,0.0,1.0
0.07477716912439089,1.0,0.0,0.0,0.0,0.0
-0.21625820747431448,0.0,0.0,1.0,0.0,0.0
-0.5118253366386242,0.0,1.0,0.0,0.0,0.0
1.0319455793359174,1.0,0.0,0.0,0.0,0.0
0.21114486846494654,0.0,1.0,0.0,0.0,0.0
0.31776213111527474,0.0,0.0,0.0,0.0,1.0
-1.2694236663083784,0.0,1.0,0.0,0.0,0.0
0.2954147100665686,0.0,0.0,1.0,0.0,0.0
-1.2903873461156785,0.0,0.0,0.0,0.0,1.0
0.07221724782778986,0.0,1.0,0.0,0.0,0.0
-0.9770045484682673,0.0,0.0,1.0,0.0,0.0
1.7008460954315507,0.0,0.0,1.0,0.0,0.0
-1.5511187895275937,0.0,0.0,0.0,0.0,1.0
-0.9183339198326553,0.0,1.0,0.0,0.0,0.0
-1.5020305689887177,0.0,0.0,0.0,1.0,0.0
-1.4818971339262612,1.0,0.0,0.0,0.0,0.0
0.21951650297545236,0.0,0.0,1.0,0.0,0.0
-0.7035080921043825,1.0,0.0,0.0,0.0,0.0
0.014273083343915955,0.0,0.0,0.0,0.0,1.0
-0.10659671409289326,0.0,0.0,1.0,0.0,0.0
-0.572121861232888,1.0,0.0,0.0,0.0,0.0
0.9825460170177253,0.0,0.0,0.0,1.0,0.0
-1.3697794998413446,0.0,0.0,0.0,1.0,0.0
0.3498649279158925,0.0,0.0,0.0,1.0,0.0
-0.3184129046211082,1.0,0.0,0.0,0.0,0.0
0.489207670925471,0.0,0.0,0.0,1.0,0.0
0.89166881098839,0.0,0.0,0.0,1.0,0.0
-0.9601229053231148,0.0,1.0,0.0,0.0,0.0
0.3446413047295851,0.0,1.0,0.0,0.0,0.0
1.711362528866236,0.0,0.0,1.0,0.0,0.0
1.6171297503264914,1.0,0.0,0.0,0.0,0.0
-0.903320327363401,0.0,0.0,0.0,0.0,1.0
-1.4800982703124335,0.0,0.0,0.0,1.0,0.0
1.4018196131637266,0.0,0.0,0.0,1.0,0.0
1.6406187578993572,0.0,0.0,0.0,1.0,0.0
1.1137592802340437,0.0,0.0,1.0,0.0,0.0
0.34260028639851126,1.0,0.0,0.0,0.0,0.0
1.4746389959927142,0.0,0.0,0.0,0.0,1.0
0.531584746443528,1.0,0.0,0.0,0.0,0.0
-1.5526754984241753,0.0,0.0,1.0,0.0,0.0
0.0535367410688095,0.0,0.0,0.0,1.0,0.0
-1.0103527123861504,0.0,0.0,1.0,0.0,0.0
0.5731661707477766,0.0,0.0,0.0,1.0,0.0
1.0603122747847393,0.0,0.0,0.0,1.0,0.0
0.7120246043228631,0.0,0.0,0.0,0.0,1.0
-1.2684896409704294,0.0,0.0,0.0,1.0,0.0
1.0587901594191926,1.0,0.0,0.0,0.0,0.0
1.0515255179018117,1.0,0.0,0.0,0.0,0.0
0.5812610570100015,0.0,0.0,1.0,0.0,0.0
0.0168675981715521,0.0,1.0,0.0,0.0,0.0
-0.6905355179662017,0.0,0.0,0.0,0.0,1.0
-0.895433002287387,1.0,0.0,0.0,0.0,0.0
-1.240468880831959,0.0,0.0,1.0,0.0,0.0
-1.3759371483656009,0.0,1.0,0.0,0.0,0.0
1.3879476072186319,0.0,1.0,0.0,0.0,0.0
-0.39721696831917686,1.0,0.0,0.0,0.0,0.0
0.14797708079476524,1.0,0.0,0.0,0.0,0.0
-1.21044169589345,1.0,0.0,0.0,0.0,0.0
-0.11707855399654339,0.0,0.0,0.0,1.0,0.0
1.2957212534789255,0.0,0.0,0.0,0.0,1.0
-1.2366635924180926,0.0,1.0,0.0,0.0,0.0
1.7447798798461898,0.0,0.0,0.0,0.0,1.0
1.0820370122748126,0.0,0.0,0.0,0.0,1.0
-1.2857172194259334,0.0,0.0,0.0,0.0,1.0
-0.7588577417606202,1.0,0.0,0.0,0.0,0.0
-0.055086946381557034,1.0,0.0,0.0,0.0,0.0
0.9756273108106955,0.0,0.0,1.0,0.0,0.0
1.1379747519586478,1.0,0.0,0.0,0.0,0.0
-0.38971017208454956,0.0,0.0,1.0,0.0,0.0
1.2952715375754686,0.0,0.0,0.0,0.0,1.0
0.17969934875399635,1.0,0.0,0.0,0.0,0.0
1.3257830319484698,0.0,0.0,0.0,1.0,0.0
-0.312532004345133,0.0,1.0,0.0,0.0,0.0
0.9246018525338514,0.0,0.0,0.0,0.0,1.0
-1.0937577157118938,0.0,1.0,0.0,0.0,0.0
-1.1966042834793906,1.0,0.0,0.0,0.0,0.0
1.7021606496108865,0.0,1.0,0.0,0.0,0.0
0.9011128449609855,1.0,0.0,0.0,0.0,0.0
-0.19968790610847822,0.0,0.0,0.0,1.0,0.0
1.5043894326829421,0.0,1.0,0.0,0.0,0.0
0.4702158223871744,0.0,0.0,0.0,0.0,1.0
1.4175250762536837,0.0,0.0,0.0,0.0,1.0
-1.3326952345716652,0.0,0.0,0.0,1.0,0.0
1.4216071129158312,0.0,0.0,0.0,0.0,1.0
-1.461348576491383,0.0,0.0,0.0,1.0,0.0
-0.7496904560363059,0.0,0.0,0.0,0.0,1.0
-0.7569205040226519,1.0,0.0,0.0,0.0,0.0
1.290497630292618,0.0,0.0,0.0,0.0,1.0
-1.5559272903414794,0.0,0.0,0.0,1.0,0.0
-0.3496162696148122,0.0,0.0,0.0,0.0,1.0
-1.4373406659529897,0.0,0.0,0.0,1.0,0.0
-1.6401279448810309,0.0,0.0,0.0,0.0,1.0
0.7250663655231144,0.0,0.0,1.0,0.0,0.0
1.1719110059041287,0.0,1.0,0.0,0.0,0.0
1.4878537248481412,0.0,0.0,0.0,1.0,0.0
-1.0084846617102525,0.0,1.0,0.0,0.0,0.0
0.6220468301004416,0.0,0.0,1.0,0.0,0.0
1.4747427765858194,1.0,0.0,0.0,0.0,0.0
-0.4196681699609881,0.0,0.0,0.0,0.0,1.0
-0.3209382323866741,0.0,0.0,0.0,0.0,1.0
0.5938876958378306,0.0,0.0,1.0,0.0,0.0
0.8739569230983939,1.0,0.0,0.0,0.0,0.0
-0.4523936503202388,0.0,0.0,0.0,0.0,1.0
0.008080841288624284,0.0,0.0,0.0,1.0,0.0
0.1433415476360552,0.0,1.0,0.0,0.0,0.0
0.6872902296327319,0.0,1.0,0.0,0.0,0.0
-1.155507168609634,0.0,0.0,0.0,0.0,1.0
0.11732721229762352,0.0,0.0,1.0,0.0,0.0
-0.856584466934915,0.0,0.0,1.0,0.0,0.0
-0.2791838404272498,0.0,1.0,0.0,0.0,0.0
0.9800206892521593,1.0,0.0,0.0,0.0,0.0
0.15589899940181412,0.0,0.0,0.0,1.0,0.0
1.6211425999265685,0.0,0.0,0.0,0.0,1.0
-1.3119737094816113,0.0,1.0,0.0,0.0,0.0
-1.0675358191872513,0.0,0.0,0.0,0.0,1.0
-0.7026432538285037,1.0,0.0,0.0,0.0,0.0
-0.5865819572055802,0.0,1.0,0.0,0.0,0.0
1.5765861319532972,0.0,0.0,0.0,0.0,1.0
0.7418096345441261,0.0,0.0,0.0,0.0,1.0
1.0886097831714907,0.0,1.0,0.0,0.0,0.0
-1.020454023448414,0.0,1.0,0.0,0.0,0.0
0.38663785140625545,1.0,0.0,0.0,0.0,0.0
1.713230579542134,0.0,0.0,0.0,1.0,0.0
1.429183096212529,0.0,0.0,1.0,0.0,0.0
0.4902454768565257,0.0,0.0,0.0,1.0,0.0
-0.5534067609428727,1.0,0.0,0.0,0.0,0.0
-0.07383664020260763,0.0,0.0,0.0,0.0,1.0
-0.0739750143267481,1.0,0.0,0.0,0.0,0.0
-1.3663893337999,0.0,0.0,1.0,0.0,0.0
0.9265044967407844,0.0,0.0,0.0,0.0,1.0
-1.201758719603628,0.0,0.0,1.0,0.0,0.0
-0.061798091402375854,0.0,1.0,0.0,0.0,0.0
1.2507496631332322,0.0,0.0,1.0,0.0,0.0
-0.8351364776931229,0.0,0.0,0.0,0.0,1.0
-0.009665640132406934,0.0,0.0,0.0,1.0,0.0
0.12134006189770065,0.0,1.0,0.0,0.0,0.0
-0.10095796853416406,0.0,0.0,0.0,0.0,1.0
-0.49518584821071765,0.0,0.0,0.0,0.0,1.0
1.0587901594191926,0.0,0.0,1.0,0.0,0.0
0.9613747760242143,0.0,1.0,0.0,0.0,0.0
1.6426943697614662,1.0,0.0,0.0,0.0,0.0
1.2608509741954959,1.0,0.0,0.0,0.0,0.0
0.22321801079621345,0.0,0.0,1.0,0.0,0.0
1.4352023706126449,0.0,0.0,1.0,0.0,0.0
-1.561254694120892,0.0,0.0,1.0,0.0,0.0
-0.8306047251275185,0.0,0.0,0.0,1.0,0.0
-1.0402415232005189,0.0,0.0,0.0,0.0,1.0
-1.4127792589180344,0.0,1.0,0.0,0.0,0.0
0.77301299953783,0.0,0.0,1.0,0.0,0.0
-1.088845434304903,0.0,0.0,1.0,0.0,0.0
0.44458201589012936,1.0,0.0,0.0,0.0,0.0
-1.5713905987141905,0.0,1.0,0.0,0.0,0.0
-0.16685864515612217,0.0,0.0,0.0,0.0,1.0
1.529054620311003,1.0,0.0,0.0,0.0,0.0
1.1046265880407646,0.0,0.0,0.0,1.0,0.0
-0.6748300548762444,0.0,0.0,1.0,0.0,0.0
-0.4005033537675159,1.0,0.0,0.0,0.0,0.0
-1.6115190947149631,0.0,1.0,0.0,0.0,0.0
1.1192596516686324,0.0,0.0,0.0,0.0,1.0
-0.35452855102180336,1.0,0.0,0.0,0.0,0.0
1.5086098434692303,0.0,0.0,1.0,0.0,0.0
-0.7609679471537644,0.0,0.0,0.0,1.0,0.0
0.4150737339171477,0.0,0.0,0.0,1.0,0.0
-1.3954478998694249,0.0,0.0,0.0,0.0,1.0
1.5038705297174149,0.0,1.0,0.0,0.0,0.0
1.3261289672588215,1.0,0.0,0.0,0.0,0.0
0.09816239610415131,0.0,1.0,0.0,0.0,0.0
1.5396748343387934,0.0,0.0,0.0,1.0,0.0
0.7047253692744471,0.0,0.0,1.0,0.0,0.0
-0.13600121547276958,0.0,0.0,0.0,0.0,1.0
-1.5395299566308187,0.0,0.0,0.0,1.0,0.0
-1.0508963307593449,1.0,0.0,0.0,0.0,0.0
1.59118460205013,0.0,1.0,0.0,0.0,0.0
1.382343455190938,0.0,1.0,0.0,0.0,0.0
-1.3581906669445698,1.0,0.0,0.0,0.0,0.0
-1.2080201487209896,1.0,0.0,0.0,0.0,0.0
-1.4216697963940674,1.0,0.0,0.0,0.0,0.0
-0.6784969691659699,0.0,0.0,1.0,0.0,0.0
-1.5882030547972728,0.0,0.0,0.0,1.0,0.0
-0.8366585930586694,0.0,0.0,0.0,0.0,1.0
-0.12659177503120925,1.0,0.0,0.0,0.0,0.0
0.0046560817161445415,0.0,0.0,0.0,0.0,1.0
0.9289952309753152,1.0,0.0,0.0,0.0,0.0
1.239506765546809,0.0,0.0,0.0,0.0,1.0
-1.074938834828773,1.0,0.0,0.0,0.0,0.0
1.3983256665291766,0.0,1.0,0.0,0.0,0.0
0.7640532749997269,0.0,0.0,0.0,1.0,0.0
0.24321307173452925,1.0,0.0,0.0,0.0,0.0
0.9071667128921366,0.0,0.0,0.0,0.0,1.0
-1.423676221194106,0.0,0.0,1.0,0.0,0.0
-0.4102241359883927,0.0,1.0,0.0,0.0,0.0
0.3014685779977196,1.0,0.0,0.0,0.0,0.0
-1.1698634839892208,0.0,0.0,0.0,1.0,0.0
-1.3909507408348556,1.0,0.0,0.0,0.0,0.0
-0.002746933925377213,1.0,0.0,0.0,0.0,0.0
0.8176732481042072,0.0,0.0,1.0,0.0,0.0
-1.1164510720709513,1.0,0.0,0.0,0.0,0.0
1.6978018647004578,0.0,0.0,0.0,0.0,1.0
0.13490072606347914,0.0,1.0,0.0,0.0,0.0
1.0954247087854152,0.0,0.0,1.0,0.0,0.0
-0.7174492851115475,0.0,0.0,0.0,1.0,0.0
-0.7167920080218796,0.0,0.0,0.0,0.0,1.0
-1.0400685555453433,0.0,0.0,0.0,0.0,1.0
1.162639939586709,0.0,0.0,0.0,0.0,1.0
1.515355582021084,0.0,0.0,0.0,0.0,1.0
1.4712834234823047,1.0,0.0,0.0,0.0,0.0
0.5158446898225356,0.0,1.0,0.0,0.0,0.0
1.1224768500549016,0.0,1.0,0.0,0.0,0.0
1.0733886295160255,0.0,0.0,1.0,0.0,0.0
1.3729340147493774,0.0,0.0,1.0,0.0,0.0
-0.8488009224520066,0.0,0.0,0.0,1.0,0.0
-1.0078273846205845,0.0,0.0,0.0,0.0,1.0
-0.16948775351479345,0.0,0.0,0.0,1.0,0.0
0.4585578024283293,0.0,0.0,1.0,0.0,0.0
-1.4414572961461725,0.0,0.0,0.0,1.0,0.0
-0.44782730422359923,0.0,0.0,0.0,0.0,1.0
-0.6114892995508873,0.0,1.0,0.0,0.0,0.0
0.4644041091732696,0.0,0.0,1.0,0.0,0.0
-0.48304351881738034,0.0,0.0,0.0,1.0,0.0
-0.15153371090755133,0.0,0.0,0.0,1.0,0.0
0.02776456044762383,0.0,0.0,0.0,0.0,1.0
-0.3349832059869445,1.0,0.0,0.0,0.0,0.0
0.09615597130411256,0.0,1.0,0.0,0.0,0.0
-0.4096360459607951,0.0,0.0,0.0,1.0,0.0
1.6853827870588394,0.0,0.0,0.0,0.0,1.0
0.8076757176350492,0.0,1.0,0.0,0.0,0.0
-0.05747390002298228,0.0,0.0,1.0,0.0,0.0
0.7835640265035506,0.0,1.0,0.0,0.0,0.0
-0.7247139266289285,0.0,0.0,1.0,0.0,0.0
-0.8983734524253745,0.0,1.0,0.0,0.0,0.0
0.3189729047015046,0.0,0.0,0.0,1.0,0.0
1.6415873767683413,0.0,0.0,1.0,0.0,0.0
-1.1209828246365559,0.0,1.0,0.0,0.0,0.0
0.17596324740220057,1.0,0.0,0.0,0.0,0.0
0.023959272033757407,0.0,0.0,1.0,0.0,0.0
-1.637395055929254,1.0,0.0,0.0,0.0,0.0
0.9051256945610627,1.0,0.0,0.0,0.0,0.0
-0.41558613329884053,0.0,0.0,0.0,0.0,1.0
0.20194298920959713,0.0,0.0,0.0,1.0,0.0
-0.6816103869591335,0.0,1.0,0.0,0.0,0.0
-1.2911829973294868,1.0,0.0,0.0,0.0,0.0
-1.1538120855889118,0.0,0.0,0.0,1.0,0.0
-0.1349980030727504,1.0,0.0,0.0,0.0,0.0
-1.6418922149638233,1.0,0.0,0.0,0.0,0.0
-0.831919279306854,0.0,0.0,0.0,0.0,1.0
-1.0470564488144432,0.0,0.0,1.0,0.0,0.0
0.6643201250253933,0.0,0.0,0.0,1.0,0.0
-1.0818575410358027,0.0,1.0,0.0,0.0,0.0
1.5002728024897591,0.0,0.0,0.0,0.0,1.0
0.846766407704767,1.0,0.0,0.0,0.0,0.0
-1.1287317755884292,0.0,0.0,1.0,0.0,0.0
-1.202035467851909,0.0,0.0,0.0,1.0,0.0
0.255424588189937,0.0,1.0,0.0,0.0,0.0
1.6965910911142275,0.0,1.0,0.0,0.0,0.0
0.17942260050571543,0.0,1.0,0.0,0.0,0.0
-1.0727940359045938,1.0,0.0,0.0,0.0,0.0
-0.4863299042657196,0.0,0.0,0.0,1.0,0.0
0.042674372323772886,0.0,0.0,0.0,0.0,1.0
0.11815745704246712,1.0,0.0,0.0,0.0,0.0
1.2687728928025448,0.0,0.0,0.0,1.0,0.0
0.5820221146927749,0.0,0.0,0.0,1.0,0.0
0.22788813748595857,0.0,0.0,0.0,1.0,0.0
-0.43554660070612145,0.0,0.0,0.0,0.0,1.0
-0.6902933632489557,0.0,1.0,0.0,0.0,0.0
-1.3601624982135732,1.0,0.0,0.0,0.0,0.0
1.305545816292908,0.0,0.0,0.0,1.0,0.0
-1.4698239915949944,0.0,0.0,0.0,0.0,1.0
-0.9723690153095573,1.0,0.0,0.0,0.0,0.0
-0.5109259048317101,0.0,0.0,0.0,0.0,1.0
0.14074703280841905,1.0,0.0,0.0,0.0,0.0
1.0217404876805487,0.0,0.0,1.0,0.0,0.0
-0.0639774838575902,0.0,0.0,0.0,1.0,0.0
0.8591508918153503,1.0,0.0,0.0,0.0,0.0
0.22778435689285323,1.0,0.0,0.0,0.0,0.0
0.3650168945092876,1.0,0.0,0.0,0.0,0.0
1.096946824150962,0.0,1.0,0.0,0.0,0.0
0.8148711720903599,0.0,0.0,0.0,0.0,1.0
0.5899786268308589,0.0,0.0,1.0,0.0,0.0
-0.378640242153302,0.0,0.0,0.0,0.0,1.0
0.9293411662856668,1.0,0.0,0.0,0.0,0.0
0.8894202314711054,0.0,1.0,0.0,0.0,0.0
-1.622208495804824,1.0,0.0,0.0,0.0,0.0
-0.637053918985862,0.0,0.0,1.0,0.0,0.0
-0.24663132772317486,0.0,0.0,1.0,0.0,0.0
0.19332919998184508,0.0,0.0,0.0,0.0,1.0
1.5294005556213546,0.0,1.0,0.0,0.0,0.0
-0.7404539832499212,0.0,0.0,0.0,1.0,0.0
-1.5887219577628,0.0,0.0,0.0,1.0,0.0
-1.078398187932288,0.0,0.0,0.0,1.0,0.0
0.4765118450355716,0.0,0.0,1.0,0.0,0.0
-1.3571528610135153,0.0,0.0,1.0,0.0,0.0
-1.2533376743770344,0.0,0.0,1.0,0.0,0.0
0.5776287362513111,0.0,0.0,0.0,1.0,0.0
-0.8434043316105234,1.0,0.0,0.0,0.0,0.0
-0.9951661522617203,0.0,1.0,0.0,0.0,0.0
-0.2448324641093472,0.0,0.0,1.0,0.0,0.0
1.135656985379293,0.0,0.0,0.0,1.0,0.0
0.5985924160586109,0.0,0.0,0.0,1.0,0.0
1.5452789863664875,0.0,0.0,1.0,0.0,0.0
0.48249652590465236,0.0,0.0,0.0,1.0,0.0
-1.3444916286546509,0.0,0.0,0.0,0.0,1.0
-0.46090365895488533,0.0,0.0,1.0,0.0,0.0
-1.4351958670288105,0.0,0.0,1.0,0.0,0.0
1.6197934522161979,0.0,1.0,0.0,0.0,0.0
-0.6614423583656418,0.0,0.0,0.0,1.0,0.0
-1.449275434160116,0.0,0.0,0.0,1.0,0.0
-1.4619712600500157,0.0,1.0,0.0,0.0,0.0
0.5934379799343737,0.0,0.0,0.0,0.0,1.0
-0.5179137981008103,1.0,0.0,0.0,0.0,0.0
-0.976451051971705,0.0,0.0,0.0,1.0,0.0
-0.30647813641398197,0.0,1.0,0.0,0.0,0.0
1.1080513476132443,1.0,0.0,0.0,0.0,0.0
-0.048652549609019345,0.0,0.0,0.0,1.0,0.0
-0.9097893176669736,0.0,0.0,0.0,1.0,0.0
-0.7945928593199286,0.0,0.0,0.0,0.0,1.0
0.26078658550038486,1.0,0.0,0.0,0.0,0.0
0.4906605992289475,0.0,0.0,1.0,0.0,0.0
-0.7905454161888165,0.0,1.0,0.0,0.0,0.0
-1.1827668710653312,1.0,0.0,0.0,0.0,0.0
-1.156614161602759,0.0,0.0,1.0,0.0,0.0
0.3423927252123005,1.0,0.0,0.0,0.0,0.0
1.0403172138464236,0.0,0.0,0.0,0.0,1.0
-1.126863724912531,0.0,0.0,1.0,0.0,0.0
1.6533145837892567,1.0,0.0,0.0,0.0,0.0
0.9563241204930825,0.0,0.0,1.0,0.0,0.0
0.062704026793124,1.0,0.0,0.0,0.0,0.0
1.0252344343150988,0.0,0.0,0.0,0.0,1.0
0.8976880853885059,0.0,1.0,0.0,0.0,0.0
-1.2786601390947632,0.0,0.0,1.0,0.0,0.0
-1.4192136556905721,1.0,0.0,0.0,0.0,0.0
0.6975991018812062,0.0,0.0,0.0,1.0,0.0
-1.4042346567523525,0.0,0.0,0.0,1.0,0.0
0.1681105158572219,0.0,1.0,0.0,0.0,0.0
1.3855606535772065,0.0,0.0,0.0,1.0,0.0
-0.8585562982039185,0.0,0.0,0.0,0.0,1.0
1.151397042000286,0.0,0.0,0.0,1.0,0.0
-1.6413387184672612,0.0,1.0,0.0,0.0,0.0
0.5933341993412684,0.0,1.0,0.0,0.0,0.0
0.5331068618090747,0.0,1.0,0.0,0.0,0.0
1.6124250301057113,0.0,0.0,0.0,1.0,0.0
-0.8280102102998823,0.0,0.0,0.0,0.0,1.0
0.3796499581371555,1.0,0.0,0.0,0.0,0.0
1.4908287685171635,0.0,0.0,1.0,0.0,0.0
-0.6357739583375616,0.0,0.0,0.0,1.0,0.0
-0.22615195735036683,1.0,0.0,0.0,0.0,0.0
0.16046534549845393,0.0,1.0,0.0,0.0,0.0
-0.5936390375367505,1.0,0.0,0.0,0.0,0.0
0.5040482957395497,1.0,0.0,0.0,0.0,0.0
-0.36428392677371524,0.0,0.0,0.0,1.0,0.0
1.0048242510043612,1.0,0.0,0.0,0.0,0.0
-0.019628577070529715,0.0,1.0,0.0,0.0,0.0
0.5991459125551731,0.0,0.0,0.0,1.0,0.0
1.2515453143470407,1.0,0.0,0.0,0.0,0.0
-1.199267985369097,0.0,0.0,1.0,0.0,0.0
-1.5443730509757396,0.0,0.0,0.0,0.0,1.0
-0.9398856896675528,0.0,1.0,0.0,0.0,0.0
0.4848834795460774,0.0,1.0,0.0,0.0,0.0
1.431570049853954,0.0,0.0,0.0,1.0,0.0
-0.09673755774787603,1.0,0.0,0.0,0.0,0.0
-1.6102737275976977,0.0,0.0,0.0,1.0,0.0
-0.8462064076243704,1.0,0.0,0.0,0.0,0.0
0.10241740042147465,0.0,0.0,0.0,0.0,1.0
0.5564920887888352,0.0,1.0,0.0,0.0,0.0
1.5759288548636292,1.0,0.0,0.0,0.0,0.0
0.04253599819963222,0.0,0.0,0.0,0.0,1.0
0.4086047436135749,1.0,0.0,0.0,0.0,0.0
1.534589585276627,0.0,1.0,0.0,0.0,0.0
1.1804210145387755,0.0,0.0,0.0,0.0,1.0
-0.38808427612589746,0.0,0.0,1.0,0.0,0.0
0.2757655844386044,0.0,1.0,0.0,0.0,0.0
-0.39604078826398165,0.0,0.0,0.0,0.0,1.0
0.31890371763943437,0.0,0.0,1.0,0.0,0.0
0.8481155554151377,0.0,0.0,0.0,0.0,1.0
1.1197785546341597,0.0,0.0,0.0,1.0,0.0
-1.3021145531365939,1.0,0.0,0.0,0.0,0.0
1.3965959899774192,0.0,0.0,0.0,0.0,1.0
0.045061325965198136,0.0,1.0,0.0,0.0,0.0
-0.6485735648205665,0.0,0.0,0.0,1.0,0.0
-1.1095323658639216,1.0,0.0,0.0,0.0,0.0
1.39337879159115,0.0,1.0,0.0,0.0,0.0
0.685422178956834,0.0,0.0,1.0,0.0,0.0
1.0463710817775747,0.0,0.0,0.0,0.0,1.0
-0.44544035058217396,0.0,0.0,1.0,0.0,0.0
-1.325845715426706,1.0,0.0,0.0,0.0,0.0
-0.5899375297159897,0.0,0.0,0.0,0.0,1.0
1.3256792513553644,0.0,1.0,0.0,0.0,0.0
-1.1254799836711251,0.0,0.0,0.0,1.0,0.0
0.739699429150982,1.0,0.0,0.0,0.0,0.0
-0.21259129318458872,0.0,0.0,1.0,0.0,0.0
-0.1431966699280806,0.0,1.0,0.0,0.0,0.0
1.6923360867969042,0.0,1.0,0.0,0.0,0.0
0.27272135370751127,0.0,0.0,0.0,1.0,0.0
1.120539612316933,0.0,0.0,0.0,0.0,1.0
-0.24427896761278473,1.0,0.0,0.0,0.0,0.0
-0.8632956119557338,1.0,0.0,0.0,0.0,0.0
0.070176229496716,0.0,0.0,0.0,1.0,0.0
-0.8485933612657957,0.0,1.0,0.0,0.0,0.0
0.05135734861359516,1.0,0.0,0.0,0.0,0.0
-1.0570885728146362,0.0,0.0,1.0,0.0,0.0
-1.3001081283365552,0.0,0.0,0.0,0.0,1.0
1.325194941920872,0.0,0.0,0.0,0.0,1.0
-0.2768660738478948,0.0,0.0,0.0,0.0,1.0
1.2293708609535106,0.0,0.0,1.0,0.0,0.0
-0.5759617431777895,1.0,0.0,0.0,0.0,0.0
-0.18536618425992676,0.0,0.0,1.0,0.0,0.0
0.47073472535270156,1.0,0.0,0.0,0.0,0.0
1.5209597340487782,1.0,0.0,0.0,0.0,0.0
-1.1991642047759918,0.0,0.0,0.0,0.0,1.0
0.43835518030380277,1.0,0.0,0.0,0.0,0.0
-1.5920775302732095,0.0,0.0,0.0,1.0,0.0
-1.1595546117407465,0.0,0.0,0.0,0.0,1.0
-0.7131250937321538,0.0,1.0,0.0,0.0,0.0
0.8298847645596145,0.0,0.0,0.0,1.0,0.0
0.8063957569867487,0.0,0.0,1.0,0.0,0.0
0.726830635605907,0.0,0.0,0.0,1.0,0.0
-0.5310247463631315,0.0,0.0,0.0,0.0,1.0
1.699981257155672,0.0,0.0,0.0,1.0,0.0
0.31987233650841884,1.0,0.0,0.0,0.0,0.0
1.5049775227105395,1.0,0.0,0.0,0.0,0.0
-0.22200073362614905,1.0,0.0,0.0,0.0,0.0
0.29672926424590423,1.0,0.0,0.0,0.0,0.0
1.561192010642656,1.0,0.0,0.0,0.0,0.0
-0.4314645640439739,0.0,0.0,0.0,0.0,1.0
1.392202611535955,0.0,0.0,0.0,1.0,0.0
0.6601343077701401,0.0,0.0,0.0,0.0,1.0
0.9611672148380036,0.0,0.0,0.0,1.0,0.0
-1.0692654957390086,0.0,0.0,0.0,0.0,1.0
0.00773490597827272,0.0,0.0,0.0,0.0,1.0
1.432227326943622,0.0,0.0,0.0,1.0,0.0
-1.2952996275226696,0.0,0.0,0.0,0.0,1.0
-1.0855244553255285,0.0,0.0,0.0,0.0,1.0
1.023712318949552,1.0,0.0,0.0,0.0,0.0
-0.5854403706814203,0.0,0.0,0.0,1.0,0.0
-1.6344891993223016,1.0,0.0,0.0,0.0,0.0
0.6549798716459033,0.0,1.0,0.0,0.0,0.0
1.5410585755801995,0.0,1.0,0.0,0.0,0.0
0.2733094437351087,0.0,0.0,1.0,0.0,0.0
-0.8837403887975067,0.0,0.0,1.0,0.0,0.0
0.8809102228364587,0.0,0.0,1.0,0.0,0.0
0.07335883435194952,0.0,0.0,1.0,0.0,0.0
-0.3927198092846075,0.0,0.0,0.0,0.0,1.0
1.2144956426083966,0.0,0.0,0.0,0.0,1.0
0.8384293667252963,1.0,0.0,0.0,0.0,0.0
-0.7707579164367113,0.0,1.0,0.0,0.0,0.0
1.4526375102543596,0.0,0.0,0.0,1.0,0.0
1.30018381898246,1.0,0.0,0.0,0.0,0.0
-1.531192915651348,1.0,0.0,0.0,0.0,0.0
-1.5238590870718964,0.0,0.0,1.0,0.0,0.0
-1.1220898176296805,0.0,0.0,0.0,0.0,1.0
-0.3869080960707025,0.0,0.0,1.0,0.0,0.0
-0.1898287497634608,1.0,0.0,0.0,0.0,0.0
0.4904876315737715,0.0,0.0,0.0,0.0,1.0
1.3781576379356848,1.0,0.0,0.0,0.0,0.0
0.8836085182572002,0.0,0.0,1.0,0.0,0.0
-1.0259543948830026,0.0,0.0,0.0,1.0,0.0
0.3988493678616628,0.0,0.0,0.0,1.0,0.0
1.3708238093562333,1.0,0.0,0.0,0.0,0.0
-1.3866957365175323,0.0,0.0,1.0,0.0,0.0
-1.2200241039901862,0.0,1.0,0.0,0.0,0.0
-1.5181511544510968,1.0,0.0,0.0,0.0,0.0
1.494322715151714,1.0,0.0,0.0,0.0,0.0
1.3077943958101923,0.0,0.0,0.0,0.0,1.0
-0.5653415291499989,0.0,0.0,1.0,0.0,0.0
1.4541942191509414,1.0,0.0,0.0,0.0,0.0
-1.150352732485397,1.0,0.0,0.0,0.0,0.0
0.8149403591524301,0.0,0.0,1.0,0.0,0.0
1.1920790344976206,0.0,0.0,0.0,0.0,1.0
1.0895438085094398,1.0,0.0,0.0,0.0,0.0
1.5883825260362827,0.0,0.0,0.0,1.0,0.0
0.6414883945421951,0.0,0.0,0.0,1.0,0.0
-0.2006911185084976,0.0,0.0,0.0,1.0,0.0
0.7945647693727277,0.0,0.0,0.0,0.0,1.0
-0.06228240083686789,1.0,0.0,0.0,0.0,0.0
1.7350590976253129,0.0,0.0,1.0,0.0,0.0
-0.9720576735302411,0.0,0.0,1.0,0.0,0.0
0.11234574382856233,0.0,1.0,0.0,0.0,0.0
0.012128284419736726,0.0,0.0,1.0,0.0,0.0
-1.629196389073924,0.0,0.0,1.0,0.0,0.0
1.5418196332629726,1.0,0.0,0.0,0.0,0.0
0.8813599387399156,0.0,0.0,1.0,0.0,0.0
1.274377044830239,0.0,0.0,1.0,0.0,0.0
-0.5704959652742361,0.0,0.0,0.0,0.0,1.0
-1.276515340170584,0.0,1.0,0.0,0.0,0.0
0.24207148521036959,0.0,0.0,0.0,0.0,1.0
-1.3384377607235,0.0,0.0,1.0,0.0,0.0
-1.331484460985435,1.0,0.0,0.0,0.0,0.0
-0.40493132574001484,0.0,0.0,1.0,0.0,0.0
-1.6169848726185165,0.0,0.0,1.0,0.0,0.0
-0.2098238107017768,1.0,0.0,0.0,0.0,0.0
0.9322124293615842,1.0,0.0,0.0,0.0,0.0
0.040875508709945226,0.0,0.0,0.0,0.0,1.0
0.8775546503260492,0.0,0.0,0.0,0.0,1.0
-1.1446793933956327,0.0,0.0,0.0,0.0,1.0
-0.5074665517281952,0.0,1.0,0.0,0.0,0.0
-0.9548646886057722,0.0,0.0,0.0,0.0,1.0
-0.795803632906159,0.0,1.0,0.0,0.0,0.0
0.47139200244236956,1.0,0.0,0.0,0.0,0.0
-0.17509190554248752,0.0,0.0,1.0,0.0,0.0
-1.2901105978673972,0.0,0.0,0.0,1.0,0.0
1.2040483962357817,0.0,0.0,0.0,1.0,0.0
0.6109423066381591,0.0,1.0,0.0,0.0,0.0
-1.5919737496801039,0.0,0.0,0.0,1.0,0.0
-0.22646329912968327,1.0,0.0,0.0,0.0,0.0
1.0445722181637465,0.0,0.0,1.0,0.0,0.0
0.4515007220971591,0.0,0.0,0.0,1.0,0.0
-0.3460877294492271,0.0,1.0,0.0,0.0,0.0
-0.6189615022544792,0.0,0.0,1.0,0.0,0.0
0.10210605864215822,0.0,0.0,1.0,0.0,0.0
-1.4562287338981807,1.0,0.0,0.0,0.0,0.0
0.5167787151604846,0.0,1.0,0.0,0.0,0.0
0.4863364078495539,0.0,0.0,0.0,1.0,0.0
0.5197883523605424,0.0,0.0,0.0,1.0,0.0
1.550225861304514,0.0,1.0,0.0,0.0,0.0
0.08211099770384242,0.0,1.0,0.0,0.0,0.0
-0.8876494578044786,0.0,0.0,1.0,0.0,0.0
1.0430155092671651,0.0,1.0,0.0,0.0,0.0
1.3699243775493195,0.0,0.0,0.0,0.0,1.0
-1.2424061185699276,0.0,1.0,0.0,0.0,0.0
1.1103345206615645,0.0,0.0,1.0,0.0,0.0
-0.6976617853594423,1.0,0.0,0.0,0.0,0.0
0.6241916290246208,0.0,0.0,0.0,1.0,0.0
-0.2735105013374853,0.0,0.0,0.0,0.0,1.0
-0.26589992450975264,0.0,0.0,0.0,0.0,1.0
-1.0561199539456523,0.0,0.0,1.0,0.0,0.0
1.658053897541072,1.0,0.0,0.0,0.0,0.0
-0.4336785500302233,0.0,0.0,0.0,0.0,1.0
1.1592151800142294,1.0,0.0,0.0,0.0,0.0
1.6425905891683605,1.0,0.0,0.0,0.0,0.0
0.6467466112595376,1.0,0.0,0.0,0.0,0.0
-1.6552107244123557,0.0,0.0,0.0,1.0,0.0
0.3589976201091717,0.0,1.0,0.0,0.0,0.0
0.35574582819186795,0.0,0.0,0.0,1.0,0.0
0.3093559030737334,1.0,0.0,0.0,0.0,0.0
-0.8387342049207783,0.0,0.0,0.0,1.0,0.0
-0.7168611950839499,0.0,0.0,0.0,1.0,0.0
-1.2520577137287339,0.0,1.0,0.0,0.0,0.0
-1.0562929216008279,0.0,0.0,0.0,0.0,1.0
0.6228770748452852,0.0,0.0,1.0,0.0,0.0
-1.2610520317978726,0.0,0.0,0.0,0.0,1.0
-0.7290381180083221,1.0,0.0,0.0,0.0,0.0
-0.7137131837597512,0.0,0.0,0.0,1.0,0.0
0.22242235958240497,0.0,0.0,1.0,0.0,0.0
0.8688370805051918,0.0,0.0,1.0,0.0,0.0
-0.5645804714672258,1.0,0.0,0.0,0.0,0.0
0.32869368692238154,1.0,0.0,0.0,0.0,0.0
1.5385332478146336,0.0,0.0,1.0,0.0,0.0
-1.5861966299972343,0.0,1.0,0.0,0.0,0.0
0.7308434852059841,0.0,0.0,0.0,1.0,0.0
1.4254469948607327,1.0,0.0,0.0,0.0,0.0
0.8240384578146742,0.0,0.0,1.0,0.0,0.0
0.2884268167974686,0.0,0.0,0.0,1.0,0.0
0.10954366781471508,1.0,0.0,0.0,0.0,0.0
-1.5015116660231904,0.0,0.0,0.0,1.0,0.0
-0.36013270304949746,0.0,0.0,0.0,0.0,1.0
-1.2003403848311867,0.0,0.0,0.0,0.0,1.0
0.5443843529265332,0.0,0.0,1.0,0.0,0.0
0.0081154348196594,0.0,0.0,0.0,0.0,1.0
1.4625658536614472,0.0,0.0,1.0,0.0,0.0
0.09788564785586999,0.0,0.0,1.0,0.0,0.0
0.11691208992520172,0.0,0.0,0.0,0.0,1.0
-0.6735155006969086,0.0,1.0,0.0,0.0,0.0
-1.3908469602417501,0.0,0.0,0.0,1.0,0.0
0.48647478197369437,0.0,0.0,0.0,0.0,1.0
-0.29717247656552703,0.0,0.0,0.0,0.0,1.0
-1.11852668393306,0.0,0.0,0.0,0.0,1.0
1.412024704819095,0.0,0.0,1.0,0.0,0.0
-0.5262162455492458,0.0,0.0,0.0,1.0,0.0
-1.4262707360217421,1.0,0.0,0.0,0.0,0.0
-1.6631326430194049,0.0,0.0,1.0,0.0,0.0
1.2198922334498798,0.0,0.0,1.0,0.0,0.0
-0.8252427278170704,0.0,0.0,0.0,0.0,1.0
0.3413203257502107,0.0,0.0,0.0,1.0,0.0
1.084216404730027,0.0,0.0,0.0,0.0,1.0
1.576966660794684,0.0,1.0,0.0,0.0,0.0
1.4522569814129729,0.0,0.0,0.0,1.0,0.0
-1.3139455407506146,0.0,1.0,0.0,0.0,0.0
-0.9496756589505,0.0,0.0,1.0,0.0,0.0
1.2769023725958049,1.0,0.0,0.0,0.0,0.0
-1.6474963669915175,0.0,0.0,1.0,0.0,0.0
1.6280613061335982,0.0,0.0,1.0,0.0,0.0
-1.1655738861408622,0.0,1.0,0.0,0.0,0.0
1.573818649470485,0.0,1.0,0.0,0.0,0.0
1.361172214197427,0.0,1.0,0.0,0.0,0.0
-1.2981708905985871,0.0,0.0,1.0,0.0,0.0
1.612840152478133,0.0,0.0,1.0,0.0,0.0
0.7636727461583401,0.0,0.0,0.0,0.0,1.0
-1.3439381321580885,0.0,0.0,1.0,0.0,0.0
1.3907150897014438,0.0,0.0,1.0,0.0,0.0
-0.4783387985966003,0.0,0.0,0.0,1.0,0.0
0.4301219199174374,0.0,0.0,0.0,1.0,0.0
-0.8938762933908053,0.0,0.0,0.0,1.0,0.0
1.587967403663861,1.0,0.0,0.0,0.0,0.0
-0.9517858643436441,0.0,1.0,0.0,0.0,0.0
0.7045178080882359,0.0,0.0,0.0,1.0,0.0
-1.1004342672016776,0.0,1.0,0.0,0.0,0.0
-1.0713065140700824,1.0,0.0,0.0,0.0,0.0
1.4486246606542825,0.0,0.0,0.0,1.0,0.0
-0.5804243086813238,0.0,0.0,1.0,0.0,0.0
-1.6341778575429855,0.0,0.0,1.0,0.0,0.0
-0.7469921606155642,1.0,0.0,0.0,0.0,0.0
0.3539123710470048,0.0,0.0,0.0,1.0,0.0
-1.4914795420229974,0.0,0.0,0.0,0.0,1.0
0.3221209160257034,0.0,0.0,0.0,1.0,0.0
-0.5343111318114707,0.0,1.0,0.0,0.0,0.0
0.6660152080461156,0.0,1.0,0.0,0.0,0.0
-0.12949763163816164,1.0,0.0,0.0,0.0,0.0
-0.4112965354504823,0.0,0.0,0.0,1.0,0.0
-0.3356750766076474,0.0,1.0,0.0,0.0,0.0
-1.1442296774921759,0.0,0.0,0.0,0.0,1.0
-1.2119638112589968,1.0,0.0,0.0,0.0,0.0
0.27863684751452145,1.0,0.0,0.0,0.0,0.0
-0.850738160189975,1.0,0.0,0.0,0.0,0.0
-0.8166635321203537,0.0,0.0,0.0,0.0,1.0
-0.031217409967304575,1.0,0.0,0.0,0.0,0.0
1.7216714011147103,0.0,0.0,0.0,1.0,0.0
-0.7957690393751238,0.0,1.0,0.0,0.0,0.0
0.42178487893796635,0.0,0.0,1.0,0.0,0.0
-1.5241012417891424,0.0,1.0,0.0,0.0,0.0
0.12822417457369525,1.0,0.0,0.0,0.0,0.0
0.7322964135094602,1.0,0.0,0.0,0.0,0.0
-1.5538516784793703,0.0,0.0,0.0,0.0,1.0
0.18253601829887872,1.0,0.0,0.0,0.0,0.0
1.2359436318501889,0.0,1.0,0.0,0.0,0.0
-1.201274410169136,0.0,0.0,0.0,0.0,1.0
1.6178216209471943,0.0,1.0,0.0,0.0,0.0
-1.2720873681980849,0.0,0.0,1.0,0.0,0.0
-0.4194260152437421,0.0,1.0,0.0,0.0,0.0
1.0549502774742912,0.0,1.0,0.0,0.0,0.0
-0.3668438480703163,0.0,0.0,0.0,0.0,1.0
1.3937247269015016,0.0,0.0,1.0,0.0,0.0
1.0727313524263578,0.0,0.0,1.0,0.0,0.0
0.8431340869460766,0.0,1.0,0.0,0.0,0.0
0.2848636831008484,0.0,0.0,1.0,0.0,0.0
0.4447895770763401,0.0,0.0,1.0,0.0,0.0
-0.1931843222738703,0.0,1.0,0.0,0.0,0.0
1.133581373517184,0.0,0.0,0.0,1.0,0.0
1.0442954699154656,0.0,0.0,0.0,0.0,1.0
1.6995661347832502,0.0,0.0,1.0,0.0,0.0
-0.24946799726805702,0.0,0.0,1.0,0.0,0.0
-0.866581997404073,0.0,1.0,0.0,0.0,0.0
-0.7517660678984147,0.0,0.0,0.0,0.0,1.0
-1.3095175687781158,0.0,0.0,0.0,1.0,0.0
-1.3555615585858984,0.0,0.0,0.0,0.0,1.0
0.5044634181119714,1.0,0.0,0.0,0.0,0.0
-1.4861867317746196,0.0,0.0,0.0,0.0,1.0
-0.45990044655486595,0.0,0.0,0.0,1.0,0.0
0.7600404253996493,0.0,0.0,0.0,1.0,0.0
-0.7005330484353596,0.0,0.0,1.0,0.0,0.0
1.3898848449566001,1.0,0.0,0.0,0.0,0.0
1.312775864279254,1.0,0.0,0.0,0.0,0.0
0.41642288162751845,0.0,0.0,0.0,1.0,0.0
0.14496744359470728,0.0,0.0,0.0,0.0,1.0
-0.9984525377100596,0.0,0.0,0.0,1.0,0.0
-0.2735450948685206,0.0,1.0,0.0,0.0,0.0
1.0928647874888142,0.0,0.0,0.0,1.0,0.0
0.9769764585210663,0.0,0.0,0.0,1.0,0.0
0.7216416059506346,0.0,1.0,0.0,0.0,0.0
-0.6024257944196784,0.0,0.0,0.0,0.0,1.0
